CampaignID,CampaignName,StartDate,EndDate,Budget,ActualSpend
226769,Digitized local groupware,2024-06-24,2024-06-29,94787.7,10604.01
750650,Cloned context-sensitive artificial intelligence,2024-06-24,2024-08-12,80589.61,10189.48
725969,Digitized eco-centric moderator,2023-01-27,2023-11-20,13487.2,9857.24
706656,User-centric secondary portal,2023-09-02,2024-05-24,10867.92,1142.45
700249,Streamlined contextually-based pricing structure,2022-12-29,2023-01-19,33993.69,4522.45
945994,Ameliorated multi-state success,2022-10-16,2024-08-09,96187.68,24336.12
274233,Compatible composite model,2022-12-17,2024-05-02,49332.58,31672.53
510075,Inverse demand-driven ability,2022-10-16,2023-05-03,53280.88,17700.19
515388,Enhanced non-volatile functionalities,2024-01-12,2024-02-10,80426.05,64654.29
853747,Seamless exuding access,2022-11-20,2024-01-31,65652.03,20158.59
363617,Exclusive homogeneous system engine,2024-02-24,2024-05-27,64210.67,3258.35
279875,Persevering system-worthy interface,2024-06-19,2024-06-28,52524.61,1850.04
387817,Virtual secondary implementation,2024-01-23,2024-01-23,57748.77,21490.24
737115,Intuitive zero-defect core,2023-07-27,2024-04-17,13336.99,3484.08
509747,Versatile static architecture,2022-09-06,2024-03-19,27748.69,14878.84
523135,Object-based bottom-line success,2023-10-15,2024-04-08,61223.75,8243.05
383020,Assimilated encompassing encoding,2024-04-19,2024-05-28,38737.61,6128.02
847999,Fundamental 6thgeneration contingency,2023-10-24,2024-04-05,94327.78,91282.13
584651,Realigned dynamic service-desk,2024-07-26,2024-07-28,4715.86,4069.39
908959,Assimilated user-facing system engine,2023-07-06,2023-12-23,75605.88,22226.86
776987,Integrated context-sensitive middleware,2023-05-25,2024-06-11,1547.34,1200.79
190998,Extended methodical knowledgebase,2024-01-12,2024-04-13,5053.55,1396.91
205459,Public-key tangible firmware,2024-06-20,2024-07-26,8310.07,3384.0
960965,Multi-tiered transitional leverage,2023-03-11,2024-02-20,97606.02,79332.47
883975,Adaptive 3rdgeneration artificial intelligence,2023-02-06,2024-05-31,37042.36,23690.54
361339,Open-source bi-directional alliance,2022-09-16,2023-10-03,3473.06,2851.84
939591,Vision-oriented explicit open system,2022-08-20,2024-05-24,27355.13,18625.2
183611,Stand-alone empowering pricing structure,2023-03-06,2023-08-09,86694.17,65275.56
850905,Compatible asynchronous instruction set,2022-12-29,2023-05-10,25004.63,19078.61
823289,Operative transitional monitoring,2023-12-30,2024-06-23,76558.47,64836.21
110046,Universal encompassing info-mediaries,2023-01-30,2023-11-23,2987.14,1635.47
593117,Synergistic interactive infrastructure,2024-02-19,2024-06-18,95527.07,43117.45
940257,Reverse-engineered reciprocal portal,2024-06-12,2024-08-03,67263.05,9873.49
197396,Vision-oriented optimizing solution,2023-07-21,2023-07-23,48710.56,43808.09
601705,Monitored reciprocal neural-net,2023-06-16,2023-10-10,67230.87,19459.8
984441,Digitized fresh-thinking secured line,2024-01-15,2024-05-28,53835.3,49474.96
708054,Synergized optimizing model,2024-02-18,2024-06-09,36468.29,23878.99
182427,Total intermediate orchestration,2023-02-28,2023-11-29,80164.35,23134.15
424569,Public-key client-driven monitoring,2023-06-20,2024-03-16,91200.86,59903.93
592802,Intuitive tertiary instruction set,2022-08-23,2022-09-20,70020.48,22222.34
613369,Customer-focused executive adapter,2022-12-01,2023-03-04,36846.47,6017.3
881752,Virtual bandwidth-monitored matrices,2024-02-20,2024-03-04,18473.93,10564.1
528331,Digitized 24hour encoding,2022-09-22,2023-09-15,31363.15,29755.14
329696,Customer-focused cohesive implementation,2022-11-20,2024-04-02,68465.48,2910.35
724856,Digitized eco-centric moderator,2023-06-13,2024-06-22,12203.51,6308.82
531880,Persistent 3rdgeneration analyzer,2024-07-09,2024-07-18,13450.45,1920.62
485550,Organic mobile initiative,2022-10-14,2023-04-05,98007.97,88009.66
227870,Total full-range throughput,2022-11-23,2023-11-17,32974.31,17805.41
581655,Re-engineered analyzing project,2022-11-16,2023-02-15,82456.77,78375.22
929821,Synchronized dynamic utilization,2022-09-07,2024-08-03,97545.51,2275.99
307918,Adaptive multimedia synergy,2022-11-06,2023-07-15,71467.38,14707.17
151481,Automated executive leverage,2024-03-23,2024-04-24,27516.12,24923.74
521918,Business-focused bi-directional encryption,2023-09-29,2024-05-22,64049.24,43615.49
257676,Re-engineered discrete encryption,2022-12-24,2023-12-09,40864.32,15081.8
993133,Upgradable scalable database,2023-08-27,2024-01-05,48084.26,8095.59
997968,Realigned content-based concept,2022-12-07,2024-02-17,58732.15,14835.92
657925,Exclusive empowering Graphic Interface,2024-04-22,2024-07-03,18034.88,15596.48
924273,Focused local throughput,2023-04-27,2023-07-25,56296.64,40038.93
169096,Up-sized hybrid toolset,2024-03-16,2024-06-04,64581.21,41025.6
927181,Customizable multi-tasking time-frame,2023-11-24,2024-07-25,59427.39,49451.23
777209,Adaptive human-resource monitoring,2024-03-13,2024-05-13,85170.2,25269.43
290644,Re-contextualized dynamic circuit,2024-07-20,2024-08-02,86784.06,81016.54
532860,Centralized needs-based matrix,2023-04-26,2024-03-27,99511.03,42421.72
575057,Profound object-oriented synergy,2024-04-07,2024-06-24,81220.46,45690.95
723832,Optional explicit utilization,2022-10-18,2023-02-16,91714.51,36215.81
723668,Compatible reciprocal moratorium,2024-03-03,2024-07-21,42334.71,2844.65
445824,Open-source neutral extranet,2023-07-02,2023-08-31,59604.58,8705.6
980115,Organic neutral adapter,2023-08-15,2024-01-01,75386.77,5193.18
346873,Synchronized exuding middleware,2024-06-05,2024-08-09,36956.89,3744.58
678819,Quality-focused 3rdgeneration portal,2023-08-08,2024-01-13,69022.04,42572.87
560600,Operative regional installation,2023-05-29,2023-12-24,94046.12,84976.56
805452,Proactive cohesive implementation,2023-10-03,2024-01-08,71808.88,4923.08
233459,Customer-focused zero tolerance complexity,2024-02-25,2024-03-01,67818.69,21320.19
686933,Ameliorated attitude-oriented circuit,2024-06-15,2024-07-27,5450.32,4376.22
110141,Stand-alone full-range process improvement,2023-01-27,2023-08-12,75318.24,9912.96
672865,Inverse executive conglomeration,2022-11-14,2023-05-08,9005.59,4007.48
715819,Reactive local migration,2022-09-23,2024-08-03,60082.43,38709.71
218190,Automated motivating conglomeration,2022-10-28,2023-07-31,20434.33,19094.85
167728,Mandatory methodical monitoring,2022-11-09,2023-02-02,89649.58,39345.14
254417,Exclusive web-enabled installation,2023-12-12,2024-02-15,80686.68,57407.52
273500,User-centric optimizing hierarchy,2022-10-05,2023-06-11,63585.47,19593.2
794482,Balanced upward-trending project,2024-07-01,2024-07-17,47917.93,22140.22
973817,Adaptive methodical task-force,2024-03-03,2024-07-15,59691.14,56488.88
623951,Universal zero administration open architecture,2023-12-13,2024-06-29,53875.56,1735.35
355075,Optimized multi-tasking model,2024-08-02,2024-08-04,56638.05,18730.95
853688,Visionary web-enabled project,2023-12-31,2024-02-01,5853.41,3586.78
516851,Cross-platform impactful Graphic Interface,2023-10-04,2024-01-28,10875.62,7953.36
683644,Optional actuating project,2023-04-19,2024-01-10,33554.71,1569.79
271341,Re-contextualized tangible model,2023-06-16,2024-04-27,48117.22,34412.37
225031,Business-focused system-worthy website,2024-07-14,2024-07-29,49053.27,26177.27
791069,User-friendly interactive infrastructure,2023-11-28,2023-12-07,89006.79,31581.18
674949,Extended cohesive productivity,2023-07-03,2023-08-04,82649.79,2208.36
996260,Programmable global methodology,2024-05-04,2024-06-05,16309.87,2211.01
235213,Grass-roots multi-state groupware,2023-08-14,2024-04-16,38157.95,22616.12
890357,Reactive transitional protocol,2023-06-25,2024-02-25,15581.88,2742.76
346521,Upgradable mobile info-mediaries,2024-01-02,2024-04-04,43394.89,10428.75
744251,Re-contextualized explicit frame,2022-10-17,2024-02-12,41830.3,21435.84
162852,Centralized bifurcated infrastructure,2024-05-01,2024-06-30,47677.55,25951.13
504828,Assimilated global data-warehouse,2024-04-27,2024-05-31,35934.6,5710.22
321863,Compatible bifurcated time-frame,2024-04-04,2024-06-06,17905.0,17884.12
115659,Innovative bifurcated adapter,2024-04-20,2024-05-31,74202.3,4043.67
539127,Visionary interactive Local Area Network,2023-01-28,2024-04-09,86318.86,1537.96
600287,De-engineered executive firmware,2024-03-31,2024-05-08,2555.46,2457.61
233745,Networked content-based installation,2023-09-14,2024-06-12,35160.07,19151.43
120467,Multi-layered leadingedge task-force,2023-10-22,2023-12-10,65757.01,52776.36
808494,Networked context-sensitive website,2022-10-20,2023-05-16,69200.35,2393.39
108732,Progressive fault-tolerant utilization,2023-12-23,2023-12-27,42227.55,9669.01
930540,Innovative background strategy,2023-11-09,2023-11-28,50716.38,34441.05
140263,Enhanced intangible model,2023-05-29,2024-08-11,45868.26,40610.12
533252,Robust eco-centric access,2023-10-03,2023-12-11,44212.33,15437.59
891027,Extended directional Graphical User Interface,2023-05-24,2024-03-05,88883.93,88169.05
982012,Monitored methodical emulation,2024-03-09,2024-04-27,68097.72,55725.0
412719,Public-key client-driven secured line,2023-04-16,2023-06-25,86564.75,26105.72
403951,Organic composite attitude,2024-05-26,2024-07-24,97810.33,84566.66
452854,Total hybrid strategy,2024-02-13,2024-05-21,39111.15,38434.25
630022,Adaptive local capacity,2023-03-12,2023-09-03,47151.85,21732.66
376252,Implemented needs-based artificial intelligence,2024-02-22,2024-04-28,94945.68,91697.79
353681,Synergized multi-state conglomeration,2023-11-23,2024-07-13,2275.62,1390.52
865387,Compatible responsive process improvement,2022-09-12,2022-11-28,92323.06,56842.84
665292,Grass-roots grid-enabled leverage,2023-01-10,2024-05-28,19036.56,8686.87
916475,Optional logistical implementation,2023-10-14,2024-05-30,35721.24,34313.31
335501,Inverse methodical algorithm,2022-12-20,2022-12-30,31652.65,22065.67
617198,Adaptive grid-enabled toolset,2023-08-21,2023-09-28,99693.13,13223.14
420975,Re-contextualized multimedia interface,2023-11-04,2024-03-16,75002.68,24047.26
684999,Assimilated heuristic Local Area Network,2024-04-11,2024-04-12,32775.67,14995.17
913009,Upgradable bifurcated archive,2024-01-24,2024-05-25,70843.51,34635.61
236156,Optimized 3rdgeneration complexity,2024-05-31,2024-06-17,70234.64,18568.29
437510,Cloned 24hour benchmark,2024-05-08,2024-07-08,8966.59,6228.09
104328,Compatible stable attitude,2023-12-27,2024-08-07,38855.67,30196.55
757984,De-engineered neutral hardware,2022-08-26,2023-11-21,23765.0,3682.21
543024,Integrated demand-driven core,2024-04-23,2024-06-29,17778.8,4632.31
866954,Upgradable asymmetric knowledge user,2024-04-23,2024-08-01,52108.76,39232.83
244718,Vision-oriented neutral data-warehouse,2023-01-24,2024-01-26,34499.64,20711.3
957839,Distributed incremental concept,2023-10-22,2024-02-21,33336.07,32969.57
857387,Enhanced empowering protocol,2024-06-13,2024-07-08,46974.45,3608.47
599249,Diverse global benchmark,2023-06-17,2023-12-26,7087.33,5756.84
904316,Synchronized high-level help-desk,2023-12-04,2024-05-12,96406.49,43575.58
549636,Front-line reciprocal migration,2024-06-08,2024-07-13,29153.95,1693.08
445636,Horizontal 5thgeneration migration,2022-09-21,2023-11-23,18722.32,15476.05
712233,Sharable modular hierarchy,2022-08-22,2023-09-28,10604.77,8485.7
148525,Seamless tangible moratorium,2022-11-21,2023-12-23,79158.7,2861.48
225400,Automated interactive protocol,2022-09-20,2024-02-24,82563.83,42154.14
487996,Phased user-facing database,2023-08-08,2024-05-20,55519.16,45503.17
447572,Managed client-driven emulation,2022-09-12,2022-12-28,65066.33,21061.04
724999,Customizable local framework,2024-01-23,2024-05-12,1819.07,1472.63
466456,Versatile fault-tolerant array,2024-02-22,2024-03-25,24974.86,10097.21
138117,Cross-platform static analyzer,2022-12-19,2023-05-08,80482.71,39844.72
427358,Open-source asynchronous superstructure,2024-01-10,2024-03-19,20513.18,6019.9
627194,Vision-oriented attitude-oriented artificial intelligence,2023-11-04,2024-04-06,73540.43,10812.46
799920,Front-line methodical circuit,2024-08-12,2024-08-12,64924.02,27335.82
616337,Right-sized uniform neural-net,2022-09-24,2022-11-30,43757.74,18756.99
942597,Digitized neutral array,2023-04-01,2023-06-21,46796.14,5906.4
699159,Face-to-face user-facing open architecture,2024-02-21,2024-06-15,14087.74,5903.66
705196,Synchronized bi-directional forecast,2023-12-29,2024-04-30,91747.97,34488.47
135317,Reverse-engineered eco-centric info-mediaries,2022-09-26,2023-07-10,34245.35,2271.37
427140,Upgradable foreground solution,2024-05-01,2024-06-04,36934.61,36209.44
586452,Adaptive uniform protocol,2023-03-14,2023-03-29,39574.74,38148.92
385254,Operative 24hour throughput,2024-08-06,2024-08-08,68959.99,33743.48
528265,Front-line secondary protocol,2022-12-29,2024-05-25,82931.38,26674.43
956000,Vision-oriented zero-defect hierarchy,2023-04-24,2024-02-23,4757.51,2112.52
697042,Customer-focused multi-tasking portal,2022-12-08,2023-04-02,16452.98,1852.01
771207,Upgradable real-time initiative,2024-02-07,2024-02-18,11540.15,7365.84
387808,Operative coherent pricing structure,2024-05-07,2024-07-06,28588.68,9167.94
260449,Synchronized homogeneous initiative,2024-04-14,2024-05-28,3057.18,2074.02
457907,Configurable motivating synergy,2024-03-20,2024-03-24,3669.73,1096.13
432849,Ameliorated optimal encoding,2022-12-24,2024-06-20,66057.14,6111.62
917372,Inverse bandwidth-monitored throughput,2024-07-04,2024-08-04,33258.5,11598.63
849279,Grass-roots 4thgeneration methodology,2022-09-04,2023-11-22,82014.88,21334.39
830713,Persevering explicit array,2024-06-09,2024-07-03,36525.52,27727.83
363144,Multi-channeled encompassing analyzer,2023-03-22,2023-03-28,65258.64,11106.93
762274,Business-focused neutral knowledgebase,2024-05-31,2024-07-27,56548.57,37843.65
645040,Phased discrete capacity,2023-06-26,2024-02-02,37048.29,35012.8
195811,Synergized radical ability,2023-08-15,2023-09-15,56317.61,14959.82
194563,Compatible fault-tolerant matrix,2024-03-06,2024-08-02,52044.14,29357.14
717285,Operative non-volatile database,2024-07-20,2024-07-31,39149.45,36257.82
857918,Extended transitional framework,2023-07-24,2023-10-10,69622.17,15898.17
521817,Function-based clear-thinking encoding,2023-08-04,2024-07-16,98525.68,91610.61
123545,Fundamental maximized throughput,2024-07-20,2024-08-11,97171.66,88028.8
241655,Organic stable toolset,2023-08-11,2023-10-04,44838.96,18996.47
428070,Organized empowering collaboration,2023-07-17,2023-12-30,9146.8,4022.64
155368,Adaptive even-keeled initiative,2024-05-09,2024-08-07,42676.82,12940.47
345185,Adaptive grid-enabled application,2023-10-24,2023-11-04,57181.9,45638.4
471930,Phased dedicated function,2024-02-25,2024-05-05,34625.15,14540.84
737325,Triple-buffered heuristic info-mediaries,2023-05-11,2023-07-06,17235.54,4466.68
240406,Adaptive fresh-thinking data-warehouse,2024-01-06,2024-07-06,5378.31,4162.92
422212,Optimized encompassing function,2022-09-11,2024-06-19,67224.97,15795.76
508698,Synergized composite service-desk,2024-02-29,2024-03-23,11081.17,6115.68
306873,Re-contextualized reciprocal focus group,2022-11-14,2024-03-02,52833.8,19366.4
549761,Re-engineered scalable parallelism,2024-04-22,2024-08-01,97571.06,23782.59
416324,Multi-layered bottom-line standardization,2023-09-29,2024-01-21,76030.8,47527.13
456685,Grass-roots impactful hub,2023-09-14,2023-10-27,74489.45,52891.24
532986,Stand-alone clear-thinking product,2022-12-04,2023-12-08,64733.74,21946.33
246387,Reverse-engineered bottom-line encryption,2022-08-20,2023-02-25,97336.16,78542.91
661338,Customizable object-oriented archive,2022-09-23,2023-06-13,73027.45,50674.28
740006,Implemented coherent circuit,2023-04-23,2023-08-01,31731.62,15885.9
985410,Distributed motivating archive,2023-09-23,2023-10-28,52932.69,26380.82
959749,Customer-focused bandwidth-monitored hierarchy,2023-01-14,2023-10-21,90302.05,87511.17
979265,Inverse asynchronous moderator,2024-01-10,2024-05-13,14538.28,9023.44
650814,Self-enabling 24hour parallelism,2023-07-07,2024-07-17,46727.11,30984.83
311942,Synchronized didactic algorithm,2022-09-11,2024-07-18,16109.49,3174.91
694935,Inverse multimedia solution,2023-05-01,2024-01-22,71384.87,14784.71
643507,Diverse local frame,2024-07-04,2024-07-29,57302.48,12296.44
155414,De-engineered regional budgetary management,2023-08-03,2023-12-21,40987.61,19717.91
873732,Optional interactive adapter,2022-12-04,2024-01-27,99538.75,87524.88
902880,Front-line full-range database,2023-01-12,2024-03-20,26680.14,25616.12
824166,Operative incremental product,2024-03-21,2024-05-22,17257.41,3729.32
352178,Operative grid-enabled installation,2023-07-24,2023-10-18,97265.41,7830.71
215397,Up-sized static framework,2024-04-09,2024-05-12,88327.15,36860.16
741078,Face-to-face even-keeled challenge,2023-05-04,2024-01-31,4458.67,3361.28
834271,Ameliorated regional Graphic Interface,2024-06-05,2024-06-25,26431.96,6960.77
731754,Ameliorated zero administration concept,2024-04-10,2024-05-05,76301.02,42580.0
524963,Fundamental explicit task-force,2022-11-20,2023-08-24,27263.34,12446.44
849206,Persevering 5thgeneration system engine,2023-02-15,2024-07-23,34531.11,12553.19
668112,Optimized incremental architecture,2023-07-13,2024-07-13,48616.85,14821.73
159312,Mandatory actuating hub,2022-10-28,2023-01-01,23453.97,6045.47
280484,Fully-configurable optimal open architecture,2023-11-18,2024-01-27,85612.03,34110.91
717481,Open-source holistic moratorium,2023-12-20,2024-05-08,5209.25,4627.22
303003,Persistent local frame,2024-05-21,2024-05-27,35722.21,22473.66
121417,Team-oriented upward-trending orchestration,2023-04-08,2024-06-17,36446.84,33473.84
131271,Re-engineered incremental adapter,2023-09-04,2024-03-15,28284.6,14093.81
390467,Progressive asynchronous extranet,2023-07-13,2024-04-28,57978.35,1676.01
722749,Implemented cohesive hardware,2023-05-02,2024-01-24,36716.65,26408.09
624477,Optimized actuating contingency,2024-05-09,2024-06-15,44976.71,43334.6
514333,Operative context-sensitive methodology,2023-09-18,2024-07-12,8764.33,3588.44
323134,Centralized empowering complexity,2022-09-06,2023-07-26,77259.03,70915.13
930133,User-centric radical process improvement,2023-08-25,2024-03-31,18201.93,12526.01
293246,Reverse-engineered exuding instruction set,2024-06-20,2024-07-02,60431.91,1874.57
210118,Quality-focused client-driven adapter,2023-03-27,2024-03-04,88105.96,81615.24
280163,Versatile tangible website,2023-09-22,2023-10-22,63030.28,36431.04
162960,Right-sized dedicated website,2023-02-12,2024-02-02,94697.83,7414.14
881642,Right-sized national function,2023-03-09,2024-03-20,12439.06,9290.11
918143,Realigned exuding policy,2023-04-14,2023-11-09,11295.43,9237.81
954324,Polarized impactful algorithm,2024-03-30,2024-06-17,77249.78,11547.93
412939,Seamless contextually-based toolset,2023-03-14,2023-12-12,47959.09,7908.19
985491,Profound radical system engine,2024-01-04,2024-06-27,87169.38,67550.12
837061,Mandatory client-driven moratorium,2023-07-13,2023-09-07,92201.12,74082.71
424753,Organic static ability,2023-12-11,2024-04-29,8622.57,6882.69
394158,Stand-alone systemic workforce,2023-12-18,2024-05-03,71749.63,56653.41
737287,Customer-focused discrete task-force,2024-01-09,2024-07-29,78355.61,37167.76
275525,Monitored executive conglomeration,2023-03-29,2024-02-13,73190.15,46212.89
380161,Switchable executive attitude,2023-05-25,2023-12-30,48740.6,48561.23
279472,Compatible systemic array,2024-02-24,2024-07-22,36035.51,29918.59
890425,Object-based logistical concept,2022-11-19,2024-07-12,21275.63,11443.7
984006,Customer-focused composite project,2023-07-12,2024-05-31,10055.85,2031.21
503703,Managed logistical application,2022-09-30,2024-03-08,84215.8,63198.57
168704,Object-based interactive customer loyalty,2023-01-23,2023-09-18,71586.22,71551.2
878100,Synergistic empowering help-desk,2023-09-14,2024-05-23,35064.51,32482.87
932841,Vision-oriented tangible parallelism,2024-03-08,2024-03-23,58911.05,54646.24
420601,Cross-group 5thgeneration framework,2022-10-29,2024-02-11,70469.59,50940.43
514882,Integrated eco-centric emulation,2022-09-15,2023-10-05,94200.4,49166.15
233303,Stand-alone demand-driven installation,2024-01-07,2024-07-21,34306.96,34243.22
817479,Enhanced fault-tolerant architecture,2024-02-23,2024-06-12,13248.58,1867.27
839373,Assimilated systemic matrices,2023-10-21,2024-05-06,4531.66,3142.82
106128,Organic client-server framework,2023-03-27,2023-10-11,40347.88,20447.48
343499,Upgradable eco-centric challenge,2023-03-28,2023-11-28,98737.3,11906.35
424788,Managed didactic forecast,2024-06-22,2024-08-10,7065.66,6924.41
749759,Fundamental radical flexibility,2022-12-13,2024-07-18,3668.65,3145.23
460962,Phased systematic collaboration,2023-03-10,2024-02-29,99900.18,33701.13
126176,Persevering tangible portal,2023-06-21,2023-11-10,65921.65,31468.3
464089,Configurable uniform flexibility,2023-05-11,2023-11-13,69680.85,31144.42
402676,Diverse 24hour encoding,2022-09-08,2023-09-18,70537.07,17557.21
277576,Balanced bottom-line process improvement,2023-03-28,2024-01-21,82733.55,71122.4
367202,Robust clear-thinking groupware,2022-12-10,2024-02-16,56164.68,38795.45
551691,Sharable responsive frame,2022-08-22,2022-11-09,60193.22,45698.41
463648,Focused 4thgeneration conglomeration,2024-01-29,2024-04-24,48221.51,47139.78
506996,Mandatory context-sensitive toolset,2024-01-27,2024-03-14,10703.95,7164.09
239630,Organic next generation contingency,2023-01-19,2024-08-11,77189.83,60201.77
312516,De-engineered regional approach,2024-05-14,2024-06-22,34220.09,6099.66
828538,Down-sized value-added superstructure,2024-04-17,2024-04-23,87225.95,19877.7
286081,Front-line optimizing utilization,2024-06-09,2024-08-09,98489.91,56866.71
525188,Inverse well-modulated neural-net,2023-12-26,2023-12-31,51735.08,14532.64
542547,Face-to-face empowering capability,2022-12-15,2024-02-11,42772.98,34904.85
644580,Automated 24/7 hierarchy,2022-09-03,2023-01-10,20385.58,1694.81
219760,Operative regional moderator,2024-07-05,2024-07-30,64935.78,24703.14
571973,Object-based hybrid collaboration,2023-04-03,2023-08-24,7560.62,4415.1
591999,Universal real-time matrix,2022-10-16,2024-08-08,31424.28,6188.23
760352,Proactive directional methodology,2023-11-17,2024-07-22,79104.1,48488.32
700325,Innovative bandwidth-monitored Local Area Network,2023-11-28,2024-03-15,58125.87,26926.22
595001,Configurable demand-driven monitoring,2023-11-14,2024-03-07,6172.27,2206.98
415759,Managed contextually-based algorithm,2022-12-25,2023-11-01,72713.93,54702.93
793958,Virtual actuating definition,2023-01-20,2024-01-11,84501.12,31493.55
730234,Versatile clear-thinking artificial intelligence,2024-06-12,2024-07-22,34528.38,11421.31
493778,Enhanced incremental model,2023-05-17,2024-02-23,52236.33,29207.51
101406,Grass-roots web-enabled software,2022-10-01,2023-12-27,18005.88,8522.86
426526,Face-to-face interactive encoding,2022-12-07,2022-12-13,2626.29,1484.66
624549,Front-line non-volatile access,2024-07-10,2024-08-03,31648.45,25745.98
290828,Phased 5thgeneration database,2024-02-09,2024-06-15,43714.1,21811.31
290799,Versatile zero tolerance encoding,2023-03-25,2023-05-08,27780.66,22283.19
520278,Vision-oriented contextually-based task-force,2024-08-06,2024-08-09,23757.02,14635.38
158111,Multi-layered dynamic utilization,2023-08-24,2024-05-19,13589.03,12204.8
352365,Robust systematic encoding,2022-11-20,2023-12-26,50104.28,3804.6
576595,Phased impactful data-warehouse,2023-05-10,2024-01-28,41091.53,22742.97
672359,Reduced uniform encoding,2022-09-26,2024-04-02,25665.73,14587.28
750721,Object-based global protocol,2022-09-07,2023-12-05,53122.83,8333.02
726148,Versatile intermediate parallelism,2024-05-07,2024-08-06,46493.09,36340.88
935849,Devolved reciprocal Internet solution,2022-11-07,2023-11-04,34911.48,16348.52
513056,Stand-alone optimizing installation,2024-02-16,2024-08-12,90644.53,12314.99
327709,Universal asymmetric groupware,2023-02-22,2023-04-19,23146.1,14894.03
494761,Team-oriented well-modulated interface,2024-03-04,2024-05-30,39017.57,38633.83
549210,Compatible multi-tasking infrastructure,2022-12-12,2024-06-22,62739.46,23484.25
137416,Multi-tiered intermediate application,2023-01-17,2024-02-03,31869.47,12955.02
850387,Open-source logistical pricing structure,2023-04-10,2024-07-23,16644.85,2114.46
139762,Optimized modular capability,2023-04-14,2023-12-03,5882.4,3653.89
358349,Reverse-engineered transitional project,2022-11-26,2023-07-21,62980.38,21564.26
134764,Business-focused human-resource moratorium,2023-10-16,2024-05-11,90104.47,46987.54
738149,Sharable object-oriented software,2022-10-29,2023-08-26,70376.83,32169.63
357605,Persevering stable array,2023-09-19,2023-10-24,32890.67,29734.35
496726,Persevering even-keeled benchmark,2023-03-01,2024-06-23,9695.92,1314.46
915283,Centralized demand-driven orchestration,2023-08-11,2024-05-24,94785.31,41690.39
327468,Universal contextually-based moratorium,2024-02-01,2024-06-09,9485.53,3794.66
959805,Assimilated zero administration matrix,2023-12-13,2024-07-23,60190.78,15192.77
306153,Extended 24/7 ability,2023-05-01,2024-08-06,87157.58,74154.78
100127,Stand-alone logistical Local Area Network,2023-01-14,2024-06-06,21684.92,7262.85
850145,Customer-focused bifurcated solution,2023-04-16,2023-08-14,20617.4,2540.0
371855,Persistent system-worthy solution,2023-09-30,2024-02-11,78328.52,52086.73
541646,Open-architected 24/7 installation,2022-11-12,2023-10-30,5317.04,1747.34
538933,Business-focused homogeneous Internet solution,2023-11-26,2024-07-26,62587.06,6298.57
643225,Pre-emptive 6thgeneration utilization,2022-12-03,2023-03-06,22664.56,6144.86
936007,Adaptive 24hour capability,2024-06-26,2024-08-02,20372.53,8208.52
514140,Cross-platform directional Internet solution,2024-06-21,2024-08-04,75456.47,8507.05
541147,Configurable tertiary framework,2024-05-19,2024-05-24,90680.38,34938.6
164987,Upgradable client-server conglomeration,2024-03-01,2024-05-03,24331.01,22072.41
284172,Right-sized heuristic attitude,2023-12-16,2023-12-19,40730.82,35722.21
179926,Synchronized reciprocal pricing structure,2023-08-07,2024-06-29,96592.55,75748.32
203667,Focused logistical system engine,2023-05-22,2024-01-25,38196.76,13647.99
456491,Multi-lateral multi-tasking ability,2023-09-09,2024-02-15,47108.96,42761.29
222381,Advanced systemic hierarchy,2022-09-22,2024-05-25,49761.08,9239.7
574632,Cross-platform static application,2024-01-20,2024-05-04,42964.51,40302.54
160470,Monitored heuristic Graphic Interface,2022-10-17,2024-01-27,64183.52,9248.39
911769,Self-enabling background superstructure,2023-08-14,2024-03-31,87211.57,60855.5
203006,De-engineered actuating success,2024-02-11,2024-05-13,36908.89,26101.45
669130,User-centric analyzing pricing structure,2023-03-03,2023-10-18,11484.63,10485.68
654470,User-centric coherent Graphical User Interface,2024-06-29,2024-07-03,44223.3,15213.06
705044,Pre-emptive value-added utilization,2023-04-24,2024-01-17,75799.76,7267.67
312068,Team-oriented incremental superstructure,2023-01-23,2023-12-28,51179.12,47317.68
275640,Centralized 3rdgeneration matrix,2023-03-06,2024-05-08,38203.52,31137.09
206291,Customer-focused clear-thinking artificial intelligence,2023-07-22,2024-03-01,60744.07,54674.0
369362,Up-sized system-worthy adapter,2022-12-05,2023-07-07,40930.49,29306.49
910876,Operative non-volatile function,2024-04-07,2024-07-04,87994.41,24419.73
210796,Total coherent artificial intelligence,2022-12-18,2023-10-24,62997.3,6921.18
455632,Automated local function,2023-12-15,2024-04-04,25598.51,20750.55
161229,Advanced heuristic monitoring,2023-11-28,2023-12-18,73183.81,5617.75
643668,Cloned empowering info-mediaries,2024-07-17,2024-08-05,68547.8,66102.75
286962,Adaptive contextually-based synergy,2022-08-14,2023-11-29,92846.77,65579.34
429573,Synergized incremental initiative,2024-02-13,2024-06-02,68911.25,25056.95
665696,Advanced exuding complexity,2023-12-06,2024-07-31,2184.72,1336.35
739294,Compatible static synergy,2024-07-20,2024-08-02,64046.43,3866.56
551563,Visionary next generation customer loyalty,2022-09-25,2023-01-17,28355.72,18914.38
464487,Total mission-critical analyzer,2022-11-24,2023-12-17,26441.47,3263.4
720110,Customizable mission-critical alliance,2022-09-29,2024-07-29,7274.02,2312.5
391720,Customizable system-worthy knowledge user,2023-11-06,2023-12-13,75750.39,42194.35
654810,Mandatory real-time protocol,2023-04-21,2024-07-18,44394.0,10714.44
403480,Reduced incremental infrastructure,2023-12-20,2024-01-16,71639.86,51834.83
465299,Phased system-worthy framework,2024-02-11,2024-06-15,73095.36,1425.72
781632,Secured maximized instruction set,2023-02-24,2023-07-25,58917.55,14502.56
425650,Optional modular task-force,2023-01-28,2023-09-25,48738.06,26661.68
572672,Persevering value-added groupware,2024-06-11,2024-07-12,52154.81,39481.64
906591,Virtual dedicated algorithm,2023-10-04,2024-08-05,34246.36,7633.11
106265,Balanced well-modulated concept,2023-09-13,2023-10-24,42396.64,29707.26
724501,Reduced national emulation,2024-06-25,2024-07-22,6298.26,3180.14
288455,Assimilated global architecture,2023-06-06,2024-04-13,39043.16,14048.81
135566,Vision-oriented motivating frame,2023-08-18,2023-11-15,48864.05,38511.57
304879,Inverse reciprocal contingency,2023-03-24,2024-06-22,47637.64,32012.17
667366,Operative well-modulated infrastructure,2022-11-18,2024-06-29,36201.51,9633.63
336453,Open-architected discrete circuit,2024-03-03,2024-07-07,88355.81,36816.23
836266,Right-sized demand-driven analyzer,2024-01-22,2024-02-11,85821.69,30037.24
160241,Open-architected client-server flexibility,2023-05-03,2023-08-31,9014.3,8767.81
390643,Decentralized static attitude,2023-01-31,2023-05-08,65827.41,26410.27
920000,Distributed needs-based forecast,2024-03-21,2024-05-16,11326.72,7824.3
441702,Reverse-engineered fault-tolerant solution,2022-09-07,2022-11-21,99741.21,56775.37
250911,Re-engineered well-modulated knowledgebase,2023-05-27,2024-03-02,35981.08,7209.67
296750,Right-sized empowering artificial intelligence,2023-12-18,2024-07-14,67692.2,56069.37
911521,Pre-emptive radical budgetary management,2023-09-04,2024-01-09,23400.31,20209.03
719176,Sharable coherent synergy,2022-11-23,2023-04-10,79190.55,32131.22
971309,Future-proofed contextually-based approach,2023-10-26,2024-07-21,90168.43,47674.0
891258,Future-proofed reciprocal system engine,2023-04-01,2023-05-30,70209.8,11715.34
214548,Assimilated disintermediate portal,2024-02-16,2024-03-22,22731.51,9088.78
971350,Down-sized mobile policy,2023-03-25,2024-04-05,49585.81,8004.73
524309,Reverse-engineered multimedia help-desk,2022-09-02,2024-04-29,87378.1,60074.94
137244,Secured tangible website,2024-07-08,2024-08-08,19476.94,13441.21
165012,Re-engineered non-volatile structure,2022-10-18,2023-03-21,55615.95,25632.7
626387,Managed empowering alliance,2022-08-18,2023-04-28,38189.63,26947.51
761085,Optimized demand-driven conglomeration,2023-05-18,2023-12-21,71841.48,38559.75
104011,Up-sized national capacity,2023-05-17,2023-07-02,78330.71,78174.83
557569,Intuitive logistical architecture,2022-10-27,2023-05-16,33943.41,30097.55
992411,Switchable dedicated collaboration,2023-12-19,2024-07-25,1708.0,1677.71
518078,Inverse clear-thinking service-desk,2023-11-17,2023-12-10,93485.38,88648.97
568176,Centralized incremental infrastructure,2024-03-12,2024-03-19,61076.35,46111.9
596187,Pre-emptive full-range circuit,2023-12-08,2023-12-13,93385.17,82486.07
399606,Cross-group intermediate forecast,2023-11-25,2024-05-29,12822.95,10778.63
453918,Programmable composite installation,2022-11-20,2023-08-06,70185.03,20120.44
430344,Sharable regional customer loyalty,2023-02-20,2023-04-04,42725.18,4218.22
758175,Cross-group transitional workforce,2022-12-12,2023-05-22,21844.92,2350.66
292591,Optional coherent implementation,2024-03-21,2024-03-31,93443.16,81012.89
439514,Realigned intermediate groupware,2024-07-24,2024-08-12,67055.45,26576.53
483396,Face-to-face executive orchestration,2023-02-07,2023-06-29,71286.28,28135.99
296196,Upgradable non-volatile hub,2023-09-09,2023-11-14,93973.18,49731.98
869808,Grass-roots non-volatile application,2024-01-23,2024-07-29,76542.01,51056.2
189079,Persistent asymmetric protocol,2023-12-27,2024-04-14,2169.28,2136.23
520539,Horizontal asymmetric algorithm,2024-07-24,2024-08-03,5825.31,5769.89
137715,Programmable clear-thinking open architecture,2023-08-23,2024-02-03,8044.95,4513.82
566436,Cross-platform local firmware,2023-09-05,2024-04-13,73972.99,55831.3
414391,Automated disintermediate collaboration,2024-07-19,2024-08-07,78995.68,22555.55
823871,Enhanced executive extranet,2024-06-05,2024-06-27,26327.04,10253.86
531783,Diverse discrete workforce,2023-01-24,2023-04-07,88452.54,71373.77
837732,Stand-alone transitional Local Area Network,2024-01-17,2024-03-08,42365.33,40597.0
331189,Expanded needs-based concept,2024-03-13,2024-04-19,41515.52,15343.19
446433,Persistent intangible adapter,2024-04-18,2024-04-19,86967.8,3430.66
416086,Ameliorated multimedia matrix,2022-12-09,2023-04-08,84131.49,3748.56
225272,De-engineered clear-thinking groupware,2023-05-30,2024-05-05,78332.61,3677.76
648745,Managed even-keeled solution,2024-05-21,2024-06-26,12698.87,3807.92
835247,Configurable multi-tasking interface,2023-10-27,2024-01-31,69228.34,58803.11
332780,Team-oriented global open architecture,2023-06-18,2024-01-20,35195.93,14557.74
709372,Sharable transitional success,2023-07-26,2023-12-11,50383.69,18044.25
172426,Centralized empowering orchestration,2023-10-21,2024-08-07,72698.54,5532.93
820736,Streamlined zero-defect protocol,2024-04-25,2024-05-14,80730.29,1396.48
142020,Centralized upward-trending parallelism,2024-04-03,2024-06-19,68244.04,31093.57
277175,Organized optimal functionalities,2023-07-11,2024-04-16,7540.31,6611.76
616936,Versatile optimizing help-desk,2023-09-15,2023-10-24,26487.68,4147.8
178630,Persistent responsive projection,2022-09-07,2023-06-08,40243.63,7528.98
967652,Fully-configurable stable solution,2024-05-18,2024-06-02,5944.19,3759.18
916118,Realigned needs-based functionalities,2023-09-03,2024-02-15,54516.28,34090.8
321510,Open-architected bandwidth-monitored middleware,2023-07-22,2023-08-08,62410.03,39229.46
868268,Total exuding application,2023-06-12,2024-04-03,42426.73,18440.48
265352,Quality-focused even-keeled projection,2023-01-30,2023-08-11,11019.51,3498.55
273019,Total bottom-line matrix,2023-10-13,2024-02-20,91906.28,2698.89
803654,Proactive tertiary knowledge user,2023-07-28,2024-02-28,79595.63,47483.34
422464,Re-engineered content-based project,2023-04-22,2023-12-01,69569.52,3977.07
899651,Persistent systemic methodology,2023-08-16,2024-02-12,71443.76,5464.84
613223,Decentralized homogeneous intranet,2024-06-07,2024-07-04,80026.75,23449.06
470200,Object-based neutral access,2023-02-14,2023-12-16,92697.9,70448.91
979159,Ergonomic system-worthy project,2024-05-03,2024-05-21,81366.53,68245.32
927717,Function-based 4thgeneration encryption,2023-01-07,2024-05-25,88742.82,36581.07
364652,User-centric 24hour groupware,2024-03-20,2024-05-24,84057.58,45176.89
102791,Inverse tertiary info-mediaries,2023-12-22,2024-04-12,13541.99,5004.53
998223,Organic content-based Local Area Network,2022-10-06,2024-03-28,48540.49,7035.28
688985,Re-engineered 24hour website,2023-12-18,2023-12-25,29586.21,4617.15
774081,Proactive 24hour portal,2023-05-15,2024-02-14,24102.07,7391.06
329615,Seamless hybrid process improvement,2023-06-09,2023-08-06,42172.37,21428.21
528924,Face-to-face contextually-based alliance,2024-01-26,2024-03-01,83619.25,39265.33
366339,Horizontal bi-directional help-desk,2023-02-14,2023-03-20,21733.41,11089.11
730424,Extended client-server conglomeration,2023-06-18,2024-02-07,34146.04,2639.85
183071,Devolved holistic utilization,2022-10-28,2024-03-23,65427.15,41352.19
835896,Enterprise-wide discrete superstructure,2024-04-01,2024-06-04,53324.44,8728.32
400540,Seamless impactful functionalities,2022-11-06,2024-02-12,12042.5,4667.83
834637,Compatible full-range synergy,2022-12-28,2023-01-31,60252.09,43512.48
918320,Ergonomic asymmetric knowledgebase,2023-03-17,2023-08-31,47983.78,43758.31
617163,Proactive local product,2023-12-25,2024-02-14,51786.09,46547.35
109419,Centralized next generation emulation,2023-11-23,2024-05-27,84102.16,8002.72
775178,Object-based executive analyzer,2023-11-19,2024-01-14,51991.53,7894.49
858043,Implemented secondary encryption,2024-05-11,2024-07-23,69157.3,21855.27
713108,Team-oriented systemic time-frame,2024-04-04,2024-05-16,66074.32,10242.37
404468,Automated attitude-oriented data-warehouse,2024-05-02,2024-07-10,31351.03,12311.34
949349,Devolved fresh-thinking challenge,2023-02-21,2024-06-09,40939.49,9644.35
990353,Polarized 24hour time-frame,2023-09-17,2023-12-18,85263.43,1211.13
645974,Realigned dedicated access,2023-06-28,2024-05-12,81426.66,17755.06
208900,Seamless reciprocal archive,2023-07-17,2023-08-31,21769.64,16722.88
860640,Distributed fresh-thinking initiative,2022-09-18,2024-02-07,68947.63,44306.68
728620,Networked discrete middleware,2024-07-04,2024-07-26,30390.62,16515.88
872942,Customer-focused tangible contingency,2024-04-16,2024-06-12,8384.46,5348.34
796109,Extended cohesive contingency,2023-05-28,2024-06-17,5717.92,4025.05
938211,Extended radical utilization,2023-03-11,2023-12-05,63839.2,30931.25
663366,Automated dedicated service-desk,2023-06-16,2024-05-11,35028.69,8951.59
205475,Multi-layered content-based neural-net,2023-12-31,2024-02-02,21982.44,6303.56
473005,Innovative asymmetric extranet,2023-10-01,2023-12-02,56894.69,16910.51
370459,Pre-emptive uniform challenge,2023-12-25,2024-06-20,59800.51,36535.81
920158,Upgradable incremental moratorium,2024-03-26,2024-07-12,54391.63,9713.88
604286,Cloned asymmetric migration,2023-06-26,2023-11-24,60280.23,34177.72
881139,Cross-group hybrid website,2022-10-12,2024-01-25,26150.33,2011.02
410055,Horizontal incremental core,2023-09-03,2024-04-26,1811.07,1401.17
434504,Automated 6thgeneration process improvement,2022-10-14,2023-07-27,98563.69,17973.4
547709,Re-engineered human-resource installation,2023-01-28,2024-08-06,47412.19,10344.35
267676,Organic responsive hierarchy,2023-06-06,2023-08-30,14354.8,6289.38
936810,Decentralized 24/7 attitude,2022-11-14,2023-10-29,78313.66,39059.1
527085,Innovative web-enabled frame,2023-10-30,2024-07-23,87837.65,2608.79
982820,Optimized dynamic infrastructure,2023-12-24,2024-02-08,20946.5,7401.89
391494,Polarized web-enabled middleware,2024-07-11,2024-07-27,86838.25,4714.3
786580,Organized empowering core,2023-08-11,2023-10-12,61632.8,51656.66
586300,Face-to-face holistic Internet solution,2023-04-26,2023-08-24,87601.49,55991.38
400776,Decentralized full-range extranet,2023-12-28,2024-07-18,50510.49,32980.13
623961,Fully-configurable value-added orchestration,2023-04-12,2024-03-11,13198.6,8398.26
746997,Right-sized 3rdgeneration conglomeration,2024-06-21,2024-06-25,59025.29,50033.39
707919,Expanded zero administration Internet solution,2024-02-10,2024-05-23,81330.51,69201.31
666842,Distributed coherent model,2024-07-28,2024-08-08,54062.28,41425.99
182302,Integrated holistic projection,2023-03-26,2023-07-11,48366.68,42639.82
833717,Centralized zero tolerance migration,2024-01-08,2024-02-09,92307.35,55257.5
468576,Networked impactful installation,2024-05-22,2024-05-31,36136.4,10144.36
951803,Multi-lateral tangible collaboration,2023-04-23,2024-03-28,12558.69,8490.66
595664,Organic logistical function,2023-02-03,2024-03-15,57960.4,43569.78
249631,Function-based didactic portal,2022-10-04,2024-03-02,95492.32,49859.71
370160,Re-engineered full-range info-mediaries,2023-09-02,2024-07-29,9759.29,5484.86
957658,Extended high-level knowledgebase,2024-07-08,2024-08-08,56382.41,5809.61
243428,Fully-configurable optimal infrastructure,2023-10-05,2023-11-13,21062.13,4324.66
593847,Synergistic 6thgeneration benchmark,2024-05-13,2024-07-03,98681.6,7393.53
663281,Optimized didactic task-force,2024-06-06,2024-07-28,54296.54,27338.96
256547,Distributed regional moratorium,2022-12-14,2024-07-05,14984.51,9298.82
538117,Diverse mission-critical hub,2024-07-23,2024-08-12,34259.46,12587.99
390177,Total tertiary website,2022-12-24,2023-07-16,46769.4,30035.09
309155,Synergistic methodical analyzer,2024-04-11,2024-08-04,31236.25,3389.43
337511,Organic high-level instruction set,2024-03-23,2024-08-06,62377.71,24532.45
855565,Object-based national synergy,2023-10-15,2023-11-23,13866.46,1796.56
947181,Upgradable maximized intranet,2022-08-18,2023-05-28,29430.86,28939.08
736008,Synchronized impactful contingency,2023-03-17,2023-08-13,96604.34,16274.94
414541,Re-contextualized background groupware,2023-07-08,2023-12-08,12226.71,2494.49
982984,Distributed fault-tolerant database,2024-03-25,2024-06-10,94370.01,24544.58
192571,Upgradable user-facing budgetary management,2024-07-21,2024-07-21,50494.19,4090.94
329383,Cross-platform static architecture,2022-08-20,2024-07-04,40795.08,39432.97
745152,Seamless motivating structure,2022-08-28,2024-03-05,2207.96,1928.4
472947,Progressive encompassing alliance,2023-12-13,2024-06-25,92361.91,27287.15
550052,Public-key 24hour standardization,2023-03-01,2024-02-09,3798.73,3742.93
852876,Upgradable real-time support,2023-09-24,2024-05-05,98524.13,38816.2
398318,Future-proofed interactive forecast,2022-09-29,2023-08-21,24485.65,23050.55
214558,Future-proofed reciprocal ability,2022-11-06,2024-03-21,42038.02,11427.68
590456,Expanded 24hour orchestration,2023-03-23,2024-03-26,75358.55,51524.83
192768,Stand-alone mobile flexibility,2022-11-25,2023-01-22,1882.48,1730.59
925389,Upgradable non-volatile synergy,2024-05-13,2024-08-02,43145.39,35168.83
875313,Extended uniform utilization,2023-11-09,2024-07-31,37951.47,2548.38
416065,Integrated stable access,2024-03-02,2024-08-04,13315.29,8948.06
674540,Intuitive impactful time-frame,2022-12-09,2023-09-26,51692.3,37831.72
573607,Upgradable logistical support,2023-02-06,2024-01-12,22754.79,1892.96
128798,Progressive intermediate alliance,2023-03-01,2023-03-18,16747.87,2733.01
873281,Digitized cohesive strategy,2023-04-16,2023-08-24,35251.37,24063.07
174493,Devolved tertiary parallelism,2022-08-28,2024-07-21,47727.07,34769.83
445778,Optional 24/7 hub,2022-12-18,2023-05-14,43993.69,43121.58
405209,Managed 4thgeneration focus group,2024-05-26,2024-07-11,16849.12,2518.78
933411,User-friendly discrete toolset,2022-09-20,2024-02-26,56653.39,4386.92
248685,Streamlined zero-defect process improvement,2024-07-09,2024-08-01,43855.78,34937.96
893783,Polarized zero administration encoding,2024-08-10,2024-08-12,74140.54,67205.97
605943,Compatible holistic moratorium,2024-05-18,2024-08-04,80502.74,23191.71
446316,Grass-roots national paradigm,2022-10-07,2022-12-27,75005.42,36196.26
695053,Synergistic upward-trending Graphical User Interface,2023-05-25,2023-10-30,43624.78,25729.84
383569,Decentralized 24/7 access,2023-01-30,2023-02-08,92743.54,74458.15
447340,Synergistic encompassing encoding,2024-06-19,2024-07-28,5134.6,3039.45
221773,Right-sized explicit hardware,2024-04-20,2024-04-28,17159.01,13758.29
312079,Polarized foreground Graphical User Interface,2023-12-21,2024-07-19,19993.93,11885.68
782687,Organized 24/7 knowledgebase,2023-02-14,2023-09-26,82969.13,41795.97
635198,Distributed modular approach,2022-12-30,2023-10-04,44683.06,11111.68
535335,Programmable fault-tolerant help-desk,2023-01-27,2024-02-12,31403.64,1337.76
566990,Triple-buffered 6thgeneration solution,2024-01-02,2024-01-20,89230.79,65666.63
392714,Organic logistical function,2023-09-03,2024-05-07,63642.89,1143.57
351645,Distributed stable support,2024-05-10,2024-07-28,40558.91,3760.12
881916,Multi-layered systemic task-force,2023-10-09,2023-11-25,51468.2,36121.01
189805,Open-architected motivating analyzer,2023-04-16,2023-05-12,56950.29,15301.25
694502,Down-sized stable support,2022-10-07,2024-06-18,27755.83,1332.5
406736,Pre-emptive methodical migration,2023-06-19,2023-08-13,92131.5,44893.42
376295,Future-proofed modular intranet,2024-02-16,2024-05-04,73105.49,67395.46
412954,Grass-roots asymmetric migration,2023-10-13,2024-08-04,97570.28,33186.67
597667,Optimized systematic open architecture,2024-02-02,2024-04-11,85423.09,30348.92
303856,Up-sized tangible array,2022-08-29,2023-02-28,65758.21,37381.04
123193,Intuitive multi-tasking pricing structure,2023-05-24,2023-11-17,2048.01,1316.83
193479,Down-sized cohesive focus group,2023-08-23,2024-03-15,81758.87,33984.95
360511,Operative value-added application,2024-08-08,2024-08-12,48075.33,5423.92
514890,Quality-focused neutral framework,2024-03-05,2024-07-15,17612.99,6029.21
158969,Advanced homogeneous implementation,2023-12-21,2024-06-09,77070.52,61425.07
441952,Managed homogeneous time-frame,2024-01-05,2024-06-07,54937.88,36951.67
453801,Up-sized reciprocal paradigm,2023-04-02,2024-05-03,32418.45,19079.97
610346,Synergized demand-driven algorithm,2023-03-25,2023-05-04,4507.36,3320.87
246407,Pre-emptive human-resource benchmark,2024-08-03,2024-08-10,54418.58,45198.78
204643,Cross-group leadingedge productivity,2023-09-06,2024-05-28,15688.86,14545.07
410512,Virtual national open architecture,2023-06-26,2023-08-07,38697.57,21953.05
751218,Horizontal eco-centric initiative,2023-10-03,2023-12-19,46029.71,43530.33
834169,Configurable empowering budgetary management,2022-12-25,2023-02-25,10883.99,2459.82
485933,User-friendly human-resource contingency,2022-09-06,2022-10-06,51723.55,9721.31
150065,Assimilated 3rdgeneration benchmark,2024-01-19,2024-06-05,31849.22,20806.18
949778,Digitized incremental open system,2023-08-03,2024-06-20,28029.68,27148.11
859569,Fundamental cohesive firmware,2024-06-27,2024-08-05,40170.94,21040.7
592525,Function-based content-based neural-net,2023-09-11,2024-01-19,32498.89,19552.04
104288,Up-sized reciprocal instruction set,2024-06-19,2024-08-08,11510.13,7420.95
442104,Intuitive secondary encoding,2024-06-06,2024-07-08,31142.19,18229.64
616836,Cross-platform context-sensitive alliance,2023-04-04,2023-12-15,23585.52,12406.53
999663,Grass-roots global architecture,2023-02-08,2023-02-28,27486.12,9031.21
240426,Operative impactful complexity,2023-02-19,2024-02-23,5896.94,1644.52
655778,De-engineered needs-based database,2022-10-22,2023-06-01,58957.26,42615.05
800051,Switchable human-resource implementation,2023-05-08,2024-03-28,25028.92,1709.11
525622,Cross-platform discrete challenge,2023-09-19,2024-06-28,91022.86,73179.58
295672,Assimilated motivating hub,2024-07-03,2024-07-24,60951.53,11469.25
872785,Distributed client-server data-warehouse,2023-06-12,2024-01-26,69145.36,35351.86
132391,Persistent full-range capacity,2023-08-18,2023-10-17,46161.43,18210.4
401158,Up-sized fault-tolerant info-mediaries,2023-11-05,2024-02-01,18160.47,4076.36
313772,Programmable global archive,2022-10-22,2024-07-18,38407.94,21272.0
406563,Multi-lateral bi-directional migration,2023-12-04,2024-01-08,36462.26,31347.71
190139,Monitored didactic strategy,2023-10-02,2023-11-05,13247.42,2572.91
303034,Configurable system-worthy extranet,2023-10-01,2024-07-26,33816.11,33783.15
326407,Upgradable local initiative,2024-01-19,2024-05-04,56329.71,35465.05
730194,Synchronized multimedia toolset,2022-11-20,2024-03-04,54285.54,23836.48
822156,Networked intangible core,2022-11-30,2023-07-02,39685.23,31675.49
854932,Secured tertiary secured line,2023-02-21,2023-11-22,89612.97,44383.6
991363,Operative real-time flexibility,2022-08-17,2024-01-27,92988.25,55454.98
468246,Persevering didactic toolset,2024-06-25,2024-07-01,5514.52,4207.08
387973,Mandatory background hub,2024-03-07,2024-06-21,29193.71,27765.78
762948,Proactive web-enabled structure,2024-02-04,2024-04-20,94902.6,60668.36
962223,Seamless bifurcated application,2023-04-15,2023-07-15,9879.55,3966.38
108308,Multi-lateral dedicated forecast,2023-08-10,2024-04-26,43524.28,4430.63
988513,Team-oriented executive website,2023-04-27,2024-07-16,92033.06,46819.06
184786,Self-enabling national moratorium,2024-07-01,2024-08-02,90377.54,32336.29
716087,Secured grid-enabled installation,2024-05-17,2024-07-14,73365.45,65419.65
345027,Automated upward-trending open architecture,2023-03-05,2023-03-26,70766.65,4809.66
549324,Up-sized user-facing flexibility,2023-05-10,2024-06-02,88595.34,69124.18
549492,Multi-channeled bifurcated concept,2023-06-18,2024-06-07,82500.69,2919.69
121790,Enhanced demand-driven core,2023-02-10,2023-04-30,46927.25,5785.84
750728,Multi-channeled dedicated circuit,2023-06-08,2024-04-02,18015.82,13577.36
117965,Customer-focused maximized groupware,2023-11-03,2023-11-27,93717.73,49344.07
181253,Balanced grid-enabled adapter,2023-08-12,2024-05-11,26244.57,19204.82
372638,Diverse solution-oriented forecast,2022-08-13,2024-06-23,12671.64,11318.79
136131,Function-based regional software,2024-06-05,2024-08-03,71237.11,20219.64
996016,Horizontal holistic software,2023-06-18,2023-08-04,8977.08,4010.04
522885,Synergistic analyzing workforce,2022-09-12,2022-11-19,97843.47,48797.33
838197,Seamless full-range structure,2023-11-03,2023-12-24,16466.39,1253.58
517265,Phased systemic moderator,2023-01-11,2023-08-12,88269.2,84083.31
972086,Re-contextualized eco-centric circuit,2023-11-10,2024-03-25,54469.14,45405.42
848383,Sharable homogeneous Internet solution,2023-04-07,2023-08-14,90215.87,25612.65
558043,Networked incremental instruction set,2023-01-08,2024-06-14,10803.2,2883.68
907019,Assimilated interactive model,2023-11-29,2024-04-27,19634.9,3084.86
918404,Public-key scalable synergy,2023-12-03,2023-12-05,99608.64,18570.32
117773,Total impactful standardization,2023-08-23,2024-06-21,54927.68,12845.65
835538,Switchable intangible productivity,2024-05-11,2024-07-22,23807.23,3725.66
360524,Universal actuating help-desk,2023-03-04,2023-06-21,80823.44,3982.06
621439,Cross-platform grid-enabled methodology,2023-08-17,2024-03-05,27946.87,13927.1
971011,Integrated impactful Local Area Network,2022-10-31,2024-06-15,21964.76,10244.42
871639,Progressive bottom-line collaboration,2023-07-03,2023-09-26,48657.4,31087.32
480285,Quality-focused 6thgeneration flexibility,2023-12-21,2024-02-20,4515.98,1175.47
723902,Grass-roots user-facing throughput,2024-04-18,2024-06-07,36899.6,13101.39
244018,Configurable client-driven algorithm,2024-03-05,2024-04-23,53686.38,35388.24
806406,Adaptive clear-thinking solution,2024-02-04,2024-07-29,19281.5,18445.46
566695,Intuitive global policy,2023-07-12,2024-04-10,52107.52,2271.81
159208,Stand-alone fault-tolerant conglomeration,2023-11-03,2024-04-03,45019.05,17922.19
892456,Re-engineered client-server implementation,2023-04-10,2023-09-26,70698.38,13990.58
338909,Reactive holistic database,2024-05-11,2024-08-04,13747.24,8766.74
736015,Universal next generation firmware,2023-11-10,2024-02-16,56165.96,42134.71
701021,Configurable exuding model,2022-09-21,2023-07-28,78162.44,41506.67
956031,Networked fault-tolerant complexity,2024-06-07,2024-08-06,13684.84,9194.94
638954,Phased client-server methodology,2024-01-31,2024-07-30,56069.43,8106.6
460197,Mandatory fresh-thinking function,2024-07-26,2024-08-06,57755.99,42452.2
209500,Mandatory discrete focus group,2022-09-13,2023-04-28,5383.38,2250.18
294452,Cross-group bi-directional concept,2023-06-07,2023-11-07,92315.38,23792.56
663353,Innovative demand-driven encryption,2022-09-24,2024-03-28,14564.98,6139.46
500802,Persevering client-server system engine,2024-05-03,2024-05-29,73770.46,54142.5
179860,Open-source fault-tolerant support,2023-04-29,2023-06-27,76136.48,19176.34
144815,Persevering discrete orchestration,2023-02-17,2023-09-18,73504.11,42849.88
658141,Diverse intermediate installation,2023-11-09,2023-11-19,7552.14,4891.16
313872,Vision-oriented non-volatile strategy,2023-07-17,2024-01-06,78503.91,59195.37
795157,Diverse dynamic benchmark,2023-10-26,2024-02-29,5783.31,3662.44
280915,Switchable 24/7 approach,2023-09-28,2024-01-08,78164.69,48466.4
902324,Cross-group transitional Graphic Interface,2023-07-15,2023-09-20,90056.87,1034.34
564774,Multi-layered national Internet solution,2024-07-01,2024-08-08,50152.47,2184.47
455249,Open-architected zero tolerance approach,2024-07-05,2024-07-12,19297.64,10411.7
343627,Open-architected discrete open system,2023-04-22,2024-07-04,10508.43,9898.23
574380,Customizable demand-driven complexity,2024-02-19,2024-04-13,87184.6,72785.87
421281,Reactive zero administration groupware,2023-08-05,2024-03-25,50810.44,37941.83
588194,Streamlined optimal project,2023-10-15,2023-12-10,35557.96,15026.78
198869,Multi-channeled 24hour portal,2024-03-16,2024-05-24,85412.22,61161.9
171071,Synergistic multi-tasking info-mediaries,2023-12-12,2024-04-11,2142.07,1037.63
348120,Customer-focused uniform Graphical User Interface,2024-07-10,2024-07-22,22157.8,17336.24
436332,Distributed intangible leverage,2023-03-06,2023-09-04,50594.16,45860.04
345811,Optimized homogeneous collaboration,2023-11-04,2024-06-19,71047.09,38871.3
685631,Customizable global software,2023-04-10,2023-06-06,54966.76,32855.48
810494,Ergonomic asymmetric conglomeration,2023-02-14,2023-04-18,92168.56,67051.05
706820,Triple-buffered dedicated firmware,2022-12-20,2023-11-18,82078.61,38747.99
402419,Business-focused neutral website,2023-11-14,2024-04-29,21782.21,2888.68
106139,Self-enabling systemic extranet,2023-02-11,2023-06-16,42959.04,14087.87
154429,Team-oriented systemic leverage,2022-11-24,2024-04-18,72049.32,56190.69
355959,Expanded object-oriented Internet solution,2024-02-15,2024-05-04,26028.86,15898.23
931016,Programmable heuristic encryption,2022-12-12,2023-10-02,41743.55,25002.2
657007,Upgradable explicit support,2022-08-25,2023-07-01,60550.12,8648.91
992130,Front-line systemic success,2023-04-15,2023-07-30,32095.57,31600.41
583265,Multi-channeled non-volatile capacity,2023-03-21,2023-06-18,64269.1,62751.56
294651,Polarized asynchronous intranet,2023-04-22,2023-12-15,57502.92,47495.77
295339,Networked fault-tolerant algorithm,2024-04-10,2024-06-14,61128.04,10709.23
576771,Monitored homogeneous core,2024-03-15,2024-05-09,80429.24,1037.87
779281,Future-proofed tangible support,2024-03-27,2024-07-04,17185.65,12442.55
590454,Synergistic systematic throughput,2023-07-05,2023-12-24,4282.47,3976.35
832399,Front-line clear-thinking productivity,2023-10-24,2024-04-20,77200.42,54950.77
295721,Total discrete circuit,2023-05-23,2023-08-30,4755.44,3274.79
297022,Configurable web-enabled Graphical User Interface,2022-08-17,2024-02-08,94671.26,56934.16
542884,Face-to-face 5thgeneration benchmark,2024-03-22,2024-07-03,38047.82,31623.78
984463,Multi-channeled explicit adapter,2023-11-21,2023-12-08,73717.39,3419.61
804342,Face-to-face holistic utilization,2024-04-15,2024-05-24,52065.51,2139.44
843145,Open-architected executive website,2023-06-22,2024-04-02,28728.37,9695.51
685195,Distributed systemic toolset,2023-04-15,2023-05-05,77467.01,52608.16
959076,Progressive user-facing monitoring,2023-07-30,2023-10-22,82033.34,6369.64
724404,Versatile upward-trending extranet,2023-07-02,2024-05-26,26808.57,10550.83
405934,Horizontal encompassing complexity,2024-06-21,2024-07-29,4399.42,2667.61
225285,Expanded impactful secured line,2023-04-17,2023-04-21,46937.54,27589.29
181953,Monitored tertiary secured line,2022-08-31,2022-11-23,22288.81,13753.36
633012,Synchronized 24hour pricing structure,2023-03-30,2023-08-10,95064.66,63663.21
937985,Inverse bottom-line functionalities,2022-11-15,2023-04-11,65212.89,42840.77
441898,Synergized bandwidth-monitored system engine,2023-09-26,2023-11-19,34768.15,11917.31
606236,Persevering mission-critical contingency,2024-03-29,2024-07-03,71132.82,8693.8
177265,Polarized client-server initiative,2024-02-21,2024-05-02,37598.18,17412.92
851808,Object-based exuding superstructure,2022-12-18,2023-06-16,6768.2,6117.23
819913,Business-focused 6thgeneration flexibility,2022-09-07,2024-05-15,39282.04,20791.06
534316,Open-architected bifurcated support,2022-11-13,2024-02-15,3635.97,1723.73
245174,Triple-buffered zero tolerance success,2024-05-24,2024-05-28,63121.89,27322.35
936146,Reverse-engineered 5thgeneration access,2023-05-02,2024-07-26,81467.99,58753.6
932236,Realigned 3rdgeneration superstructure,2024-02-13,2024-03-03,3710.5,1317.88
437423,Team-oriented methodical collaboration,2024-02-09,2024-02-18,11412.07,1100.55
347856,Reactive user-facing superstructure,2022-12-21,2024-07-10,62589.72,15964.63
554366,Centralized real-time database,2024-07-04,2024-08-03,96180.55,45310.69
535011,Extended eco-centric intranet,2024-08-06,2024-08-08,5511.86,1100.11
255015,Persistent 5thgeneration adapter,2023-09-15,2023-12-13,74315.64,73259.29
583168,Centralized solution-oriented Graphic Interface,2024-04-02,2024-05-18,77859.74,13225.79
299662,Public-key needs-based support,2023-08-08,2023-09-21,51910.25,13221.49
755899,User-friendly disintermediate software,2024-03-26,2024-05-16,95724.82,46493.83
226015,Adaptive fresh-thinking service-desk,2023-08-10,2024-03-05,4370.58,2297.33
539749,Reverse-engineered maximized adapter,2023-11-18,2023-12-16,15215.78,13753.83
168972,Enterprise-wide human-resource website,2022-12-29,2024-01-17,24479.83,5469.27
491779,Multi-layered 24/7 circuit,2023-07-09,2024-01-19,5645.23,5064.12
409141,Intuitive object-oriented framework,2023-02-13,2023-12-09,95664.68,49456.18
900302,Reduced contextually-based interface,2023-10-19,2024-05-01,56495.74,10842.4
759763,User-centric uniform portal,2024-07-25,2024-08-12,49485.79,1624.04
899077,Diverse eco-centric matrix,2022-09-16,2024-05-07,90123.26,68373.56
810664,Virtual background hub,2023-04-14,2023-09-04,66880.8,57913.78
479852,Decentralized eco-centric parallelism,2023-11-26,2024-02-28,5889.88,1445.48
508744,Automated 24/7 artificial intelligence,2023-07-21,2023-08-28,50734.22,41195.39
590044,Focused optimizing methodology,2024-01-14,2024-05-18,43143.16,29027.01
151987,Advanced system-worthy methodology,2023-03-09,2023-11-23,94855.56,85999.17
373295,Down-sized mobile synergy,2023-03-17,2023-07-11,20300.17,17117.91
244488,Pre-emptive discrete algorithm,2022-10-23,2023-12-14,45044.99,11255.62
416779,Profit-focused heuristic hardware,2024-03-10,2024-07-03,94987.69,4930.65
431144,Centralized regional encryption,2024-03-01,2024-05-12,5175.94,4848.59
642636,Vision-oriented upward-trending circuit,2023-08-29,2023-09-11,62707.16,40817.78
892004,Down-sized uniform standardization,2023-11-26,2024-03-23,68500.24,8840.67
508431,Balanced multi-state model,2024-07-31,2024-08-05,98437.86,87273.26
475396,Mandatory uniform synergy,2024-03-16,2024-03-23,71217.03,63283.95
777510,Compatible client-server system engine,2024-01-11,2024-01-31,69117.05,36685.36
972066,User-centric bi-directional policy,2024-01-17,2024-02-03,76436.29,53069.56
279646,Robust interactive concept,2022-09-14,2023-11-09,8372.61,4216.71
200231,Horizontal mobile capacity,2023-10-19,2024-05-07,15365.58,9973.96
722368,Down-sized zero-defect challenge,2024-01-22,2024-03-23,16520.3,12380.77
187015,De-engineered full-range project,2023-02-12,2023-04-04,38715.13,23413.52
700474,Triple-buffered zero tolerance emulation,2023-08-17,2023-10-29,84999.17,22928.16
300613,Inverse contextually-based access,2024-01-18,2024-07-24,95326.52,22806.36
604320,Virtual bottom-line moratorium,2023-09-07,2024-02-27,83275.05,65306.48
583135,Virtual tertiary protocol,2022-12-21,2024-04-18,17022.57,7851.83
938809,Persevering holistic hierarchy,2023-04-12,2024-06-02,26123.6,23616.3
379802,Intuitive full-range initiative,2022-10-10,2022-12-27,8520.65,3649.92
200492,Ameliorated zero-defect pricing structure,2023-05-12,2024-03-31,27513.1,22739.97
387460,Object-based homogeneous extranet,2024-05-17,2024-08-08,85140.14,38232.71
376870,Future-proofed empowering encryption,2023-07-11,2023-09-13,42448.33,20750.98
972360,Organized well-modulated time-frame,2023-07-29,2024-01-17,57372.67,31381.84
653404,Monitored client-server encryption,2024-02-12,2024-03-14,66777.02,8819.54
819391,Networked intermediate policy,2024-03-30,2024-06-06,91200.92,59107.52
159045,Reduced executive architecture,2024-06-19,2024-08-01,1813.42,1474.69
698844,Stand-alone mission-critical secured line,2023-10-28,2024-01-03,67599.85,19586.89
826842,Polarized next generation hardware,2022-08-20,2024-03-02,78288.77,10805.53
697215,Centralized transitional collaboration,2023-05-13,2024-01-18,75942.15,44507.06
370948,Virtual cohesive open system,2023-06-04,2024-01-11,39454.18,27923.47
953900,Integrated attitude-oriented approach,2023-07-07,2024-01-28,18255.54,16910.58
611632,Organic mission-critical leverage,2022-11-03,2023-02-27,26440.88,19875.71
483665,Compatible intangible Internet solution,2024-03-04,2024-04-05,70354.43,53693.2
543354,Versatile interactive process improvement,2023-09-07,2024-02-26,19246.48,14019.66
508811,Profound intermediate encoding,2023-03-06,2023-08-09,64766.86,49218.49
974631,Upgradable eco-centric algorithm,2023-01-23,2023-09-12,75569.42,57971.65
923057,Operative system-worthy collaboration,2023-08-28,2024-03-27,85982.6,78962.56
907480,Automated discrete implementation,2024-06-27,2024-07-06,32133.63,25249.61
632551,Decentralized eco-centric system engine,2024-01-19,2024-04-06,46898.71,18825.84
700776,Extended zero tolerance circuit,2023-04-27,2024-05-17,68900.38,54241.32
750205,Object-based content-based parallelism,2023-08-07,2024-07-21,35260.67,22269.48
153060,Object-based mobile encryption,2024-04-28,2024-07-07,4692.74,1507.36
434963,Advanced intangible customer loyalty,2022-12-26,2023-07-17,82392.85,50831.56
246700,Business-focused client-driven neural-net,2023-06-04,2024-02-12,81502.35,61138.45
594980,Realigned object-oriented encoding,2024-08-05,2024-08-07,50948.87,36556.58
765545,Synchronized interactive open architecture,2024-04-04,2024-07-14,26776.6,4382.48
234474,Realigned dynamic interface,2023-11-04,2024-05-27,42964.81,21841.98
842380,Cross-platform tangible leverage,2024-01-23,2024-08-09,5614.85,4847.05
530962,Vision-oriented upward-trending firmware,2023-05-08,2023-09-04,77089.81,29606.7
780714,Cloned object-oriented budgetary management,2022-12-11,2024-05-11,37292.17,10793.93
672277,Re-engineered next generation neural-net,2023-11-08,2023-11-16,13277.27,1226.85
844278,Fundamental contextually-based open system,2023-03-06,2024-06-04,98601.38,55796.59
415926,Function-based bi-directional budgetary management,2024-06-20,2024-06-21,9908.3,4558.32
448611,Organic optimizing encryption,2023-06-17,2023-10-28,11291.77,6866.53
975111,Advanced web-enabled paradigm,2023-01-17,2023-12-01,83856.87,81877.96
891178,Vision-oriented grid-enabled moratorium,2024-01-16,2024-06-25,40810.2,9248.98
542607,Optimized incremental portal,2022-11-01,2024-06-24,95929.63,28077.77
141938,Configurable high-level core,2024-06-09,2024-07-06,31723.37,8981.08
579269,Grass-roots attitude-oriented strategy,2024-03-27,2024-08-09,27279.99,14607.08
135438,Down-sized homogeneous artificial intelligence,2024-05-20,2024-08-06,82862.37,75905.24
472843,Profit-focused neutral algorithm,2023-05-07,2023-06-11,17802.73,8781.86
912971,Monitored hybrid knowledgebase,2023-10-18,2024-01-20,92015.4,22871.27
653749,Fully-configurable cohesive superstructure,2023-10-15,2024-04-19,64821.8,25491.38
877072,Robust value-added data-warehouse,2024-02-01,2024-07-15,36333.64,35863.73
803816,Expanded tertiary focus group,2024-06-22,2024-08-01,9406.46,4094.6
447499,Up-sized composite workforce,2023-09-14,2024-06-18,1553.16,1286.81
878271,Visionary methodical definition,2023-05-15,2024-06-23,7966.4,1601.42
155987,Enhanced scalable interface,2023-06-24,2024-03-02,43188.24,15193.92
293686,Re-engineered heuristic service-desk,2023-07-16,2024-03-18,68313.15,26058.97
582031,Multi-channeled uniform Internet solution,2023-03-03,2024-05-29,42950.73,37665.56
440059,De-engineered multi-tasking array,2024-01-02,2024-01-11,47439.81,29874.32
885041,Advanced 5thgeneration interface,2023-10-22,2024-07-29,33762.52,19517.17
703326,Self-enabling dynamic moderator,2023-06-09,2023-07-14,57639.22,31298.09
828662,Phased 24hour process improvement,2024-04-29,2024-08-07,66548.55,64949.06
550975,User-friendly leadingedge projection,2024-04-09,2024-06-22,72325.42,45177.19
722361,Managed holistic system engine,2023-10-12,2024-06-20,34004.98,15765.97
727807,Fundamental solution-oriented paradigm,2022-08-29,2023-09-14,47306.12,45150.81
858521,Programmable systemic artificial intelligence,2023-01-15,2023-11-24,52919.42,5257.33
709280,Configurable high-level standardization,2024-03-23,2024-04-11,37882.89,36058.17
655275,Triple-buffered 6thgeneration contingency,2024-01-02,2024-02-15,28153.45,20801.51
948277,Reverse-engineered bifurcated benchmark,2023-09-26,2024-01-14,42126.11,2372.07
296466,Total needs-based Internet solution,2023-01-19,2024-01-06,6471.31,5044.06
317432,Face-to-face 4thgeneration customer loyalty,2023-09-10,2024-01-23,17204.4,2965.96
878321,Stand-alone user-facing neural-net,2024-04-14,2024-07-12,73471.14,7628.19
431796,Advanced modular forecast,2022-12-09,2023-05-01,87278.54,8877.43
952248,Switchable needs-based conglomeration,2024-04-18,2024-06-08,31693.46,7407.19
540236,Multi-channeled human-resource solution,2023-05-31,2024-06-26,30703.35,13920.6
455513,Expanded tertiary contingency,2023-11-27,2024-06-28,8893.37,8877.08
627830,Switchable modular contingency,2023-05-27,2023-07-30,96007.15,3462.06
255399,Innovative needs-based throughput,2023-01-28,2023-04-06,2824.59,1363.93
237838,Intuitive eco-centric emulation,2023-11-16,2024-07-03,79554.49,3274.84
497938,Reverse-engineered cohesive moratorium,2022-10-17,2023-09-25,37888.89,1872.8
346821,Team-oriented real-time challenge,2022-09-23,2023-04-25,31822.78,25581.12
681322,Re-contextualized motivating pricing structure,2024-01-08,2024-06-23,29982.98,7954.14
253068,Reduced scalable policy,2024-07-26,2024-07-27,49595.35,1073.6
925954,Extended fault-tolerant moderator,2023-02-05,2024-01-12,94500.04,93945.22
582287,Function-based optimal circuit,2024-08-02,2024-08-06,90686.62,78803.25
866136,Progressive well-modulated leverage,2022-09-16,2022-12-02,61194.56,1037.06
886113,Implemented optimizing firmware,2022-09-27,2022-10-01,75566.1,33366.39
324195,Ergonomic zero administration utilization,2023-04-29,2024-03-12,92005.0,22288.76
462534,Monitored object-oriented firmware,2024-05-10,2024-05-10,9082.23,1662.38
363949,Progressive bifurcated throughput,2022-11-05,2023-05-26,59663.39,5210.73
614691,Distributed mission-critical circuit,2024-04-05,2024-05-29,95687.0,6082.01
458565,Upgradable zero-defect success,2024-04-09,2024-05-03,20451.83,3171.06
393556,User-centric bi-directional benchmark,2024-01-04,2024-06-20,41703.5,36347.41
501928,Re-contextualized composite process improvement,2024-02-23,2024-06-23,95091.1,63379.23
560364,Decentralized zero-defect solution,2023-06-17,2024-03-02,43414.68,20863.58
508884,Self-enabling asymmetric Graphical User Interface,2023-01-25,2023-11-13,44995.07,39447.51
270497,Function-based fault-tolerant moderator,2023-10-13,2024-04-17,2655.0,1259.41
907589,Innovative web-enabled secured line,2023-02-13,2024-01-28,91747.73,13023.19
552090,Right-sized coherent standardization,2024-07-28,2024-08-04,59996.04,25397.39
277864,Stand-alone intermediate capacity,2023-04-17,2024-07-11,8615.94,1458.71
733527,Multi-tiered human-resource conglomeration,2024-04-27,2024-07-16,20982.83,2389.81
223183,Customizable bifurcated access,2023-04-13,2024-03-16,44983.39,37055.99
968366,Polarized optimizing circuit,2023-03-28,2024-02-18,80708.3,76108.5
290901,Re-contextualized holistic ability,2024-07-12,2024-08-02,84609.3,81300.87
298112,Enhanced bottom-line flexibility,2023-06-23,2024-03-20,84393.29,12961.65
584662,Grass-roots modular productivity,2023-11-04,2024-05-31,36623.52,8587.58
360248,Multi-lateral regional hub,2022-08-25,2024-06-21,41052.54,20952.43
277863,Secured cohesive contingency,2023-03-09,2023-11-30,87373.56,85284.39
362011,Mandatory radical hierarchy,2022-10-15,2023-04-13,1475.38,1187.46
573629,Organized systematic functionalities,2023-08-28,2023-12-01,65272.4,43156.13
603571,Fundamental national budgetary management,2023-01-08,2023-08-08,61415.59,11535.83
336963,Horizontal multimedia capability,2023-05-22,2024-05-20,40061.85,26460.45
464360,Face-to-face 4thgeneration matrix,2023-06-03,2023-09-26,20156.38,3141.48
700856,Networked logistical policy,2023-09-29,2023-11-25,27704.01,22917.4
952212,Ameliorated dynamic benchmark,2024-05-12,2024-05-13,88240.2,86600.67
131820,Front-line web-enabled utilization,2023-02-02,2023-05-10,75145.8,69653.37
460067,Visionary bandwidth-monitored process improvement,2022-10-06,2023-04-23,87746.73,84691.25
770012,Diverse attitude-oriented workforce,2024-06-05,2024-08-04,69956.44,25524.15
333126,Vision-oriented leadingedge open system,2023-06-13,2023-07-04,66603.95,30925.51
330380,Right-sized fault-tolerant encoding,2023-01-22,2024-04-13,5281.84,2336.83
591033,Ergonomic exuding portal,2022-12-05,2024-06-29,89039.62,60685.06
482511,Adaptive interactive algorithm,2022-12-20,2024-05-02,68738.57,49928.72
584766,Self-enabling motivating implementation,2022-08-21,2024-02-10,18282.13,12558.04
690329,Exclusive logistical approach,2023-12-23,2024-04-30,16246.22,3400.96
436883,Vision-oriented transitional attitude,2023-04-16,2023-09-10,20470.21,18525.06
500394,Ergonomic neutral model,2023-12-13,2024-03-11,85079.25,29457.56
857108,Devolved explicit installation,2024-05-11,2024-07-04,83044.83,43841.13
701304,Persistent dynamic initiative,2023-08-22,2023-09-09,6375.24,5918.93
359222,Phased system-worthy access,2024-07-06,2024-07-12,89173.91,16450.36
153151,Public-key zero tolerance architecture,2023-01-10,2023-09-28,97305.87,25878.49
417817,Innovative bifurcated policy,2022-12-26,2024-02-27,13203.85,8118.88
340497,Inverse composite core,2024-03-15,2024-05-12,42963.27,18325.57
145553,Sharable background benchmark,2024-05-10,2024-07-11,93142.65,22987.42
124914,Open-source human-resource analyzer,2022-08-21,2024-03-14,54175.49,51819.61
983181,Future-proofed client-driven synergy,2022-11-06,2024-04-30,16705.94,4137.44
634341,Synergistic tertiary function,2023-02-01,2024-03-03,11725.94,4900.2
317204,Persistent attitude-oriented website,2023-01-06,2023-12-12,62780.61,54579.71
935333,Optimized exuding neural-net,2022-12-20,2023-05-18,97473.67,13189.33
774625,Synchronized bottom-line forecast,2023-05-22,2024-05-29,15234.5,9308.28
888846,Progressive bi-directional interface,2022-09-11,2024-02-13,57825.74,36441.28
256675,Advanced cohesive access,2024-05-24,2024-08-08,80405.74,71824.42
731059,Focused tertiary system engine,2023-10-04,2024-04-20,5803.65,1178.45
940950,Focused next generation Local Area Network,2024-06-23,2024-06-27,86341.03,13226.59
679096,Fundamental bandwidth-monitored help-desk,2022-09-07,2023-10-02,63544.74,52352.78
802758,Centralized heuristic help-desk,2023-09-27,2024-01-18,96315.45,59770.16
849627,Fundamental modular conglomeration,2022-10-27,2023-08-02,55683.52,19563.38
748397,Object-based dynamic Graphical User Interface,2024-02-08,2024-07-28,38173.37,18210.24
535072,Ergonomic systemic implementation,2024-07-23,2024-07-29,85968.69,7855.1
408262,Multi-lateral 3rdgeneration archive,2022-12-09,2024-04-09,9501.82,2170.03
798972,Monitored user-facing groupware,2023-07-08,2024-07-01,40368.41,19154.7
642207,Cross-platform zero tolerance system engine,2024-03-11,2024-05-16,41617.63,35587.47
199668,Extended tangible initiative,2024-03-19,2024-04-20,37517.89,14870.35
352569,Programmable systematic flexibility,2024-03-31,2024-06-03,28862.09,21111.3
373984,Organic multimedia groupware,2023-09-24,2024-03-18,10763.02,7795.32
734954,Distributed content-based policy,2023-09-28,2024-04-20,93587.01,9018.63
787308,Pre-emptive hybrid Graphical User Interface,2022-08-14,2024-08-04,5466.43,1091.47
630271,Face-to-face next generation collaboration,2022-12-23,2023-05-11,9543.18,2016.45
137573,Polarized foreground capability,2024-02-09,2024-07-12,5956.44,5501.92
108695,Diverse global time-frame,2022-08-17,2023-04-21,56747.81,41595.76
544899,Persevering non-volatile info-mediaries,2022-08-28,2023-08-15,92729.92,83471.48
976057,Switchable executive solution,2024-07-15,2024-08-01,60954.86,34678.48
745554,Front-line empowering projection,2023-05-09,2024-07-31,67234.15,35302.27
970699,Self-enabling local benchmark,2024-02-21,2024-05-09,50101.5,10306.88
851070,Innovative local analyzer,2022-10-26,2022-11-10,25281.18,19496.27
413993,Ameliorated asynchronous task-force,2022-12-09,2023-10-25,12402.21,8692.99
949372,Seamless scalable matrices,2023-07-12,2024-04-16,93242.08,86092.1
560897,Enhanced bifurcated hardware,2024-04-20,2024-05-23,68319.23,33635.27
341916,Adaptive solution-oriented ability,2023-10-05,2024-06-05,92839.66,24792.86
761806,Programmable interactive process improvement,2023-12-23,2024-07-03,45646.96,43064.35
692142,Profound bifurcated hierarchy,2023-03-07,2024-04-18,38351.99,3125.53
222685,Cross-platform even-keeled workforce,2023-01-09,2023-05-07,36148.39,31627.53
454368,Horizontal multi-state hardware,2023-07-25,2023-07-27,94675.35,90841.67
983281,Ameliorated dedicated capability,2023-02-23,2023-04-10,87740.05,62173.01
502410,Business-focused solution-oriented firmware,2023-03-29,2024-06-02,2026.38,1428.64
187106,Cloned clear-thinking open system,2023-08-01,2023-10-18,12053.73,5283.03
320009,Switchable radical moratorium,2023-07-31,2023-11-02,64227.14,63813.62
827471,Versatile directional firmware,2023-05-19,2023-11-10,45035.9,31993.73
243672,Fully-configurable tertiary array,2024-07-12,2024-07-22,9580.3,1054.88
886826,Object-based empowering analyzer,2023-06-13,2024-02-01,37241.71,13572.26
943306,Managed systematic pricing structure,2023-05-19,2023-12-30,17103.17,6782.13
653988,Cloned asynchronous model,2023-06-13,2023-07-24,61816.67,9636.5
124253,Extended regional algorithm,2023-01-13,2023-10-17,54668.45,4821.9
533146,Adaptive dynamic projection,2022-08-28,2024-03-30,6578.56,6435.9
573348,Balanced context-sensitive knowledgebase,2024-05-19,2024-07-04,18160.99,6327.06
840551,Synchronized reciprocal info-mediaries,2023-04-30,2023-10-30,39750.78,7168.4
351311,Vision-oriented responsive synergy,2023-05-22,2024-07-26,51458.57,4029.59
863853,Operative 6thgeneration open architecture,2023-07-13,2024-01-23,57188.75,8484.69
671223,Multi-lateral multi-state software,2024-07-30,2024-08-12,97744.71,5253.94
157231,Proactive global task-force,2022-12-29,2023-09-10,21781.28,3262.82
133116,Self-enabling full-range productivity,2024-07-12,2024-07-24,82823.12,16119.46
293442,Optimized holistic archive,2024-08-06,2024-08-08,36312.36,32473.46
117699,Adaptive discrete complexity,2022-09-15,2023-02-19,28821.28,25049.73
972122,Proactive mobile application,2023-02-15,2023-11-07,4175.57,1470.0
250318,Balanced methodical matrices,2023-05-12,2023-11-28,50203.05,34146.59
661968,Monitored solution-oriented process improvement,2022-09-17,2023-05-03,98829.56,25583.96
865102,Optional eco-centric help-desk,2023-12-01,2024-04-12,36434.62,4733.47
767337,Programmable national process improvement,2023-09-28,2024-07-21,22662.68,9088.33
572778,Vision-oriented fault-tolerant open architecture,2023-04-19,2024-05-18,29960.53,8591.98
700964,Progressive 6thgeneration artificial intelligence,2023-09-11,2024-01-09,50447.7,37609.45
761850,Open-architected mission-critical adapter,2022-10-28,2023-12-17,94073.74,51813.69
537575,Self-enabling user-facing project,2024-05-10,2024-06-09,75290.4,59597.27
171487,Multi-tiered needs-based productivity,2024-06-01,2024-06-26,66448.98,48758.92
216353,Networked motivating contingency,2023-05-27,2023-12-08,81929.45,31964.07
656174,Universal dynamic encoding,2023-06-17,2023-06-27,16003.06,3750.45
981279,Operative value-added projection,2022-09-20,2023-02-09,29420.44,8045.11
404924,Profound 4thgeneration installation,2022-10-31,2024-08-10,57890.16,45631.2
185201,Proactive regional neural-net,2023-07-21,2023-11-15,27566.3,13940.66
582581,Universal 4thgeneration support,2023-10-11,2023-11-04,53499.47,12392.18
448629,Inverse reciprocal open architecture,2024-03-12,2024-07-07,13285.68,12894.55
758549,Configurable asynchronous ability,2024-05-19,2024-07-13,84507.58,37765.97
381848,Upgradable methodical ability,2024-05-04,2024-05-04,18457.64,15793.25
309506,Up-sized local time-frame,2023-11-20,2024-05-21,66557.23,42097.59
276909,Fully-configurable transitional extranet,2022-11-25,2023-12-30,93231.31,28637.33
938762,Synchronized interactive forecast,2023-06-01,2023-09-01,28796.54,16844.22
628661,Optimized intangible algorithm,2023-04-15,2023-10-10,18306.53,5823.65
327194,Advanced methodical adapter,2023-05-13,2024-02-18,13681.75,4850.88
348825,Multi-layered scalable contingency,2022-09-10,2023-11-20,96065.6,95788.63
331993,Switchable attitude-oriented hierarchy,2022-11-24,2024-06-09,12723.16,8600.94
137955,Synchronized responsive paradigm,2023-04-29,2023-12-27,51041.16,14093.46
483148,Quality-focused multi-state product,2024-02-03,2024-05-10,80375.42,79887.79
652935,Profit-focused exuding circuit,2024-03-15,2024-07-07,99552.45,89245.97
773162,Multi-channeled neutral matrix,2023-09-15,2024-06-02,79126.92,49804.66
775536,Managed real-time budgetary management,2022-09-13,2023-10-07,74871.09,10589.44
848704,Grass-roots human-resource attitude,2024-05-03,2024-05-09,38318.44,10803.81
326302,Secured attitude-oriented process improvement,2024-04-12,2024-06-27,86517.21,27001.47
462805,Decentralized web-enabled algorithm,2023-10-07,2023-11-12,68002.15,5664.87
554653,Switchable 5thgeneration capability,2022-09-22,2023-12-01,66736.64,48015.29
115965,Progressive leadingedge encoding,2023-09-17,2024-05-18,59487.99,21162.25
148445,Stand-alone 24/7 product,2022-10-22,2023-05-26,94834.76,48070.97
899907,Multi-layered well-modulated artificial intelligence,2023-08-27,2024-06-14,5878.88,5809.86
584631,Down-sized background moratorium,2023-01-07,2024-06-18,49310.09,25007.81
229681,Robust stable frame,2023-09-04,2024-01-27,17231.66,15636.28
139664,Business-focused responsive functionalities,2023-04-29,2023-10-08,55537.75,19514.46
610729,Progressive even-keeled matrices,2024-01-31,2024-02-21,19918.81,5851.56
341033,Fully-configurable analyzing system engine,2024-01-13,2024-03-23,53038.24,14932.77
783965,Upgradable client-driven adapter,2023-04-18,2023-12-15,89925.77,32202.44
439716,Multi-lateral hybrid time-frame,2023-08-28,2024-01-20,36345.82,4185.18
358129,Quality-focused exuding project,2024-04-06,2024-07-12,10208.39,9720.64
262184,Streamlined fresh-thinking methodology,2023-01-29,2024-03-18,56230.97,9127.44
291922,Persevering grid-enabled installation,2023-09-23,2024-07-15,95399.12,94011.66
537392,Proactive asymmetric Graphic Interface,2023-02-27,2023-08-27,58852.46,41537.8
650504,Quality-focused user-facing alliance,2023-05-30,2023-10-10,10827.9,1695.09
130160,Fully-configurable analyzing forecast,2023-02-21,2023-06-02,76472.37,31184.96
155002,Balanced homogeneous adapter,2024-07-13,2024-08-10,3197.93,2285.23
449965,Object-based 4thgeneration conglomeration,2023-10-26,2024-03-02,29006.42,14274.95
619794,Synergistic asymmetric moratorium,2022-09-23,2023-02-14,28562.88,25050.42
781825,Multi-layered client-driven secured line,2023-05-24,2023-05-24,49833.98,42382.23
199479,Exclusive national definition,2024-07-24,2024-08-08,92846.48,60904.77
903081,Quality-focused real-time Local Area Network,2024-06-29,2024-07-06,96463.15,87838.13
915280,Phased context-sensitive framework,2023-11-26,2024-07-06,62805.66,50555.68
407306,Enhanced intangible migration,2023-01-14,2023-01-16,17847.01,14463.63
570282,Proactive client-driven customer loyalty,2023-10-08,2024-05-04,70059.22,64914.14
876723,Centralized bandwidth-monitored projection,2023-09-17,2024-05-16,15828.18,10424.99
536416,Public-key client-server adapter,2024-02-25,2024-07-14,75977.22,60295.21
278663,Compatible cohesive task-force,2023-09-30,2023-11-25,29661.29,13121.3
309041,Assimilated 5thgeneration ability,2024-01-21,2024-07-25,26649.34,6223.71
435486,Stand-alone mobile artificial intelligence,2024-02-17,2024-07-20,48175.93,11175.48
202372,Proactive stable hub,2023-08-25,2024-07-19,75532.53,23889.71
227404,Realigned real-time product,2023-01-05,2023-06-26,95672.77,42332.4
436372,Up-sized logistical emulation,2023-11-13,2024-03-13,62416.19,19760.51
657848,Compatible contextually-based function,2023-02-02,2024-07-04,75701.02,35231.38
333984,Networked neutral capacity,2023-11-28,2024-05-02,16156.66,10215.25
413710,Expanded neutral strategy,2024-04-13,2024-06-27,85998.22,18654.97
487878,Team-oriented holistic archive,2024-04-07,2024-04-28,43329.02,43228.26
789443,Horizontal systemic complexity,2023-04-06,2023-12-20,42389.13,40493.12
429789,Multi-tiered systemic pricing structure,2023-08-31,2024-04-20,74000.27,2121.48
869796,Triple-buffered zero administration architecture,2023-05-17,2024-06-22,94143.67,15532.09
957720,Managed encompassing definition,2023-04-18,2023-09-23,66031.55,55083.49
270562,Networked grid-enabled model,2023-09-17,2024-07-28,8331.79,1686.13
602178,Networked modular success,2023-08-01,2024-01-27,82838.65,58791.56
283412,Versatile object-oriented protocol,2023-11-14,2024-07-09,41837.24,38783.11
