SupplierID,SupplierName,ContactName,PhoneNumber,Email,Address,City,State,ZipCode,Country
106471,Henderson-Medina,Shane Navarro,439-457-1429,tayloreric@example.net,"USNS Taylor, FPO AP 06300",Millerhaven,Colorado,44214,Congo
851427,"Williamson, Huerta and Wheeler",Michael Morgan,495.717.5959,carly34@example.org,"5351 Christopher Forest Apt. 246, Brockport, OK 67616",Churchview,California,94098,Jordan
944509,"Skinner, Rodriguez and Hunter",Hannah Spencer,7893451769,bowmanmichael@example.net,"PSC 2214, Box 2892, APO AP 49801",Lake Jo,Tennessee,61881,Azerbaijan
610483,Rivera-Freeman,Jesse Taylor,7149485234,stephen52@example.org,"123 Hunt Divide, South Carl, CT 98333",Wardberg,Pennsylvania,38175,Sri Lanka
620425,Reynolds-Cook,Rhonda Jones,314.966.2201x414,lfrank@example.net,"45750 Jesus Burgs Suite 189, South Neil, PW 33278",Malonestad,West Virginia,41084,Kiribati
541924,"Willis, Smith and Mcmillan",Joy Owens,001-900-362-6623,lindseyjennifer@example.org,"1857 Carter Port, North Christinaton, CT 95767",South Amymouth,Nebraska,03908,Mozambique
198713,"Jones, Stone and Hensley",Ruth Carlson,001-690-777-3684,omitchell@example.com,"924 Kim Viaduct, East Susan, WV 56891",New Jose,California,11032,Grenada
434734,Bell and Sons,Bobby Allen,001-228-785-3210x70641,ricardomahoney@example.com,"8681 Cindy Port, New Bonniechester, ME 57341",Lake Jeffreyburgh,Kentucky,96432,Nigeria
987359,Rogers Ltd,Cynthia Ross,6455816479,justin02@example.com,"51666 Gordon Drives Suite 222, West Barbarahaven, WI 44911",New Richardview,South Dakota,83953,Greece
378603,Robinson and Sons,Gina Kemp,474.790.8645,fjohnson@example.org,"27618 Hill Circles Suite 378, Hayesport, MO 22106",West Anthonymouth,Georgia,32693,Honduras
964663,Villarreal Ltd,Shannon Young,987.933.3779x551,elizabeth17@example.org,"487 Parker Extensions, Lake Nicole, MT 19691",Lake Stephaniehaven,Delaware,02962,Anguilla
706223,Mendoza-Wright,Robert Trujillo,814.896.9676x6714,kirstencarter@example.com,"85665 David Land Apt. 630, New Thomas, DC 78032",Charlesstad,Oregon,13619,Guinea-Bissau
193509,"Sparks, Barrett and Moore",Dennis Price,579.528.0072x6140,whitneysantos@example.net,"4936 Osborne Branch, North Kyle, PA 54754",Meganchester,Kansas,05143,Cuba
758789,Oliver-Myers,Virginia Cooper,542.322.8860x1821,avilarebecca@example.net,"31257 Matthew Points, Melissastad, IL 81618",East Lauren,Washington,74004,British Indian Ocean Territory (Chagos Archipelago)
774876,Richardson-Jackson,Paul Kim,(787)217-0289x9125,greenjesse@example.org,"454 Patricia Estate, North Karifort, CO 54664",Kellishire,Kansas,42387,Chad
449025,"Valdez, Hernandez and Lam",Thomas King,400.690.4919,mstewart@example.org,"17385 Emily Fields, East Sharon, IL 06585",North Tamara,Illinois,81210,Jordan
955890,Medina-Alexander,Jennifer Burton DDS,+1-999-971-8784x78307,michealsaunders@example.org,"73768 Joe Junction Apt. 621, South Maryfort, IL 08441",North Melissa,New Jersey,38634,Anguilla
515690,Perez-Thomas,Jennifer Scott,479-759-6713,brownjames@example.com,"Unit 6782 Box 5437, DPO AA 46838",Lake Jason,Kentucky,02365,Western Sahara
286246,Jackson-Reed,Christopher Ford,001-691-893-3671x678,anafernandez@example.net,"97529 Johnson Manor Apt. 073, New Susan, MP 89736",Lake Lisaland,Missouri,92822,Argentina
191076,"Brady, Conley and James",Tonya Williams,001-939-479-0308x1616,kennethvalenzuela@example.com,"719 Lloyd Fork, Priceburgh, GA 95144",Parsonsland,Georgia,25469,Bangladesh
188979,"Day, Johnson and Ho",Chris Martinez,835-395-1626x78564,whiteteresa@example.com,"45169 Richard Causeway, New Brittney, AS 44177",East Corymouth,New Hampshire,09639,Brazil
348567,Holmes Group,Michael Baker,001-461-469-3863,zjohnson@example.net,"03457 Alisha Overpass Apt. 587, Robinbury, ME 95371",West Randyfurt,Connecticut,19627,Lao People's Democratic Republic
277201,"Bernard, Martin and Lynn",James Moyer,654-222-4159x45643,justin08@example.net,"242 Daniel Rest, West Laurie, NV 31456",Williamsmouth,Missouri,32667,Isle of Man
168369,"Brown, Lee and Webb",Erica Blanchard,822.431.9130x1090,darren66@example.net,"9675 Shannon Court Apt. 262, West Rachelshire, NC 78599",Markbury,Tennessee,09942,Comoros
217781,Alexander Ltd,Timothy Fernandez,001-224-223-7727x10691,reyesbrady@example.org,"210 Hughes Circle, Susanton, NM 03087",Lake Christopher,New Hampshire,60217,Korea
606628,"Schwartz, Rogers and Bowen",April Powell,001-319-727-4430x577,anthonyboone@example.net,"073 Katherine Ranch Apt. 893, West David, ID 43121",East Edward,Kentucky,13852,Sweden
520217,"White, Jones and Campbell",Ann Hansen,001-437-836-6459x2284,joseph64@example.net,"3927 David Row, Flemingborough, NV 63259",Fosterbury,Montana,40087,Congo
769926,"Hall, Walton and Juarez",Carlos Joseph,(505)811-3323,eric35@example.net,"PSC 2939, Box 8382, APO AP 30378",Crystalfort,Minnesota,90170,Sao Tome and Principe
698823,"Johnson, Jordan and Mueller",Sandra Williamson,001-941-927-2695x8905,nwilliams@example.com,"94382 Dickerson Park, East Shannonland, NH 90841",North Alicia,Washington,58433,Chad
172431,Allen-Stanley,Paul Woods,001-965-330-9344,thomassmith@example.com,"6178 Jacob Branch Apt. 042, Brownton, TN 58541",East Jeremyberg,Alaska,05650,Georgia
103471,Williams PLC,Jeremy Mooney,752-636-2421,wsolis@example.org,"771 Lisa Flat, East Laurieland, NM 26832",Johnview,Pennsylvania,02744,Solomon Islands
674444,"Mcdonald, Hale and Barker",Rodney Bell,(386)217-0633x98801,xswanson@example.com,"USNV Paul, FPO AP 62000",Lewischester,Rhode Island,08851,Australia
829419,Mora Inc,Annette Davis,001-351-582-8457x86561,qjones@example.net,"6854 Baker Common, West Justinview, CO 55181",Brittanystad,Hawaii,53904,Jersey
269326,"Kennedy, West and Williams",Peter Anderson,001-972-367-1070x59786,jasonstanley@example.org,"51938 Jennifer Motorway, Zacharychester, MT 59248",South Joseph,Alabama,39840,Uzbekistan
104237,"Delgado, Freeman and Dean",Kiara Rogers,+1-357-247-1053x0353,tmeadows@example.org,"1491 Li Springs, Janicetown, MD 16255",Rebekahfurt,Oklahoma,85062,Chad
385661,Lee-Jimenez,Ruth Martinez,001-955-741-0630x43684,matthewthomas@example.com,"54947 Samantha Lake, East Julieville, WY 94977",North Jesse,Arizona,68606,Kenya
588820,Reynolds-Pace,Maxwell Harrell,(222)231-0244x1294,bob36@example.com,"52484 Daugherty Port Apt. 448, North Christophermouth, MH 34064",Beckfort,Oregon,48917,Myanmar
249596,"Smith, Schroeder and Gonzalez",Brian Baker,650.431.3591,qreyes@example.net,"3453 Johnson Corner Suite 909, South Paulside, FL 55064",Hardybury,Kentucky,84916,Guadeloupe
855884,"Gonzalez, Johnson and Pope",Kristin Smith,+1-543-649-3954x645,nicholasnewman@example.net,"769 Jones Overpass, Spencerhaven, CT 93521",New Andrewhaven,North Carolina,05400,Australia
971387,"Robinson, Brown and Sullivan",Ricky Ross,001-244-784-9063,jacksonnathaniel@example.net,"4598 Lindsey Rapid Suite 774, Johnsonborough, IN 56866",Padillaberg,Hawaii,90794,Christmas Island
168679,Ward Inc,Christopher Mcdowell,001-743-789-3804x56098,richardbentley@example.org,"3246 Farley Vista Suite 465, Jamesshire, DC 58983",West Chasestad,Rhode Island,95739,Tokelau
424704,Campbell LLC,Lisa Stewart,(647)828-2447x96215,nkaiser@example.net,"718 Shelton Groves Suite 436, Millerport, NC 13737",Monicaland,Montana,49084,Taiwan
892432,Edwards-Patel,Sydney Clark,001-599-663-1827x1622,djones@example.org,"923 Matthew Flats Suite 584, South Matthewtown, ME 71963",Scottstad,Iowa,66018,Malawi
462330,"Russo, Knox and Leonard",Casey Bennett,(389)207-9993,khiggins@example.net,"3888 Kayla View Apt. 584, Murrayport, MT 92204",Parkermouth,Michigan,89284,Chile
719664,"Dawson, Sanchez and King",Curtis Mccullough,+1-309-314-9321x750,michael53@example.net,"7393 Miller Harbors Suite 374, Oconnorton, IA 70555",Evansmouth,Minnesota,93544,Hong Kong
197328,"Tran, Wong and Chen",Amy Wilson,210.559.9708x4078,scottthomas@example.net,"4674 Robin Dam, North Andrew, OK 98531",Kevinbury,Pennsylvania,80821,Papua New Guinea
126259,Wolfe Group,Whitney Gardner,(852)946-9313x9509,prestonshort@example.net,"39648 Tammy Keys Suite 848, West Hollyborough, ME 64824",Michelleview,Utah,03857,Brazil
580362,"Wade, Rodriguez and Allen",Victor Buckley,001-242-913-9383x59260,penamelissa@example.com,"24524 Elizabeth Pike, Kimberlyfurt, AR 04946",Lake Saraborough,North Carolina,29263,Bouvet Island (Bouvetoya)
931563,Dixon-Parks,Lauren Anderson,6252219111,adamrichards@example.com,"6802 Taylor Loop, Port Dawn, NC 22859",South Vanessahaven,Hawaii,34694,Nepal
275144,Johnson and Sons,David Moss,(957)408-7675,lisasingh@example.com,"60062 Lawson Orchard, North Stacey, VI 85191",Karenfort,South Dakota,86213,Isle of Man
